ID Annotation	Annotation	Category	Database	N	n	M	m	p-value	FDR correction	Submitted IDs	Matching IDs
M00300	C4-dicarboxylic acid cycle, NAD+ -malic enzyme type	KEGG modules	KEGG	19	3	923	6	0.00014262876111214	0.005867408690425	C00049|C00022|C00041	C00049|C00022|C00041
M00072	Tyrosine biosynthesis, phenylalanine => tyrosine	KEGG modules	KEGG	19	2	923	2	0.00040187730756335	0.005867408690425	C00079|C00082	C00079|C00082
M00046	Asparagine degradation, asparagine => aspartate +NH3	KEGG modules	KEGG	19	2	923	2	0.00040187730756335	0.005867408690425	C00152|C00049	C00152|C00049
M00022	Asparagine biosynthesis, aspartate => asparagine	KEGG modules	KEGG	19	2	923	2	0.00040187730756335	0.005867408690425	C00049|C00152	C00049|C00152
M00026	Alanine biosynthesis, pyruvate => alanine	KEGG modules	KEGG	19	2	923	2	0.00040187730756335	0.005867408690425	C00022|C00041	C00022|C00041
M00029	Isoleucine biosynthesis, pyruvate => isoleucine	KEGG modules	KEGG	19	3	923	9	0.00057590650990554	0.0070068625371841	C00188|C00022|C00407	C00188|C00022|C00407
M00025	Threonine biosynthesis, apartate => homoserine => threonine	KEGG modules	KEGG	19	2	923	6	0.0057371973446579	0.059830772308575	C00049|C00188	C00049|C00188
M00244	Pantothenate biosynthesis, valine/L-aspartate=> pantothenate	KEGG modules	KEGG	19	2	923	7	0.0079335383371082	0.064349810956544	C00183|C00049	C00183|C00049
M00027	Valine biosynthesis, pyruvate => valine	KEGG modules	KEGG	19	2	923	7	0.0079335383371082	0.064349810956544	C00022|C00183	C00022|C00183
M00024	Methionine biosynthesis, apartate => homoserine => methionine	KEGG modules	KEGG	19	2	923	8	0.010448380743498	0.076273179427536	C00049|C00073	C00049|C00073
M00042	Urea cycle	KEGG modules	KEGG	19	2	923	9	0.013269087667364	0.088058490883415	C00049|C00062	C00049|C00062
M00023	Lysine biosynthesis, aspartate => lysine	KEGG modules	KEGG	19	2	923	10	0.016383361053115	0.099665446406451	C00049|C00047	C00049|C00047
M00043	Arginine degradation, arginine => citrulline	KEGG modules	KEGG	19	1	923	2	0.040768220200554	0.11022518794965	C00062	C00062
M00044	Aspartate degradation, aspartate => fumarate	KEGG modules	KEGG	19	1	923	2	0.040768220200554	0.11022518794965	C00049	C00049
M00078	Tyrosine degradation, tyrosine => homogentisate	KEGG modules	KEGG	19	2	923	12	0.023445064339571	0.11022518794965	C00082|C00022	C00082|C00022
M00065	Tryptophan metabolism, tryptophan => tryptamine	KEGG modules	KEGG	19	1	923	2	0.040768220200554	0.11022518794965	C00078	C00078
M00064	Cysteine metabolism, cysteine => pyruvate	KEGG modules	KEGG	19	1	923	2	0.040768220200554	0.11022518794965	C00022	C00022
M00045	Aspartate degradation, aspartate => oxaloacetate	KEGG modules	KEGG	19	1	923	2	0.040768220200554	0.11022518794965	C00049	C00049
M00038	Glutamine degradation, glutamine => glutamate + NH3	KEGG modules	KEGG	19	1	923	2	0.040768220200554	0.11022518794965	C00064	C00064
M00057	Threonine biosynthesis, glycine => threonine	KEGG modules	KEGG	19	1	923	2	0.040768220200554	0.11022518794965	C00188	C00188
M00080	Histidine metabolism, histidine => histamine	KEGG modules	KEGG	19	1	923	2	0.040768220200554	0.11022518794965	C00135	C00135
M00028	Leucine biosynthesis, pyruvate => leucine	KEGG modules	KEGG	19	2	923	12	0.023445064339571	0.11022518794965	C00022|C00123	C00022|C00123
M00021	Aspartate biosynthesis, oxaloacetate => aspartate	KEGG modules	KEGG	19	1	923	2	0.040768220200554	0.11022518794965	C00049	C00049
M00018	Glutamine biosynthesis, glutamate => glutamine	KEGG modules	KEGG	19	1	923	2	0.040768220200554	0.11022518794965	C00064	C00064
M00679	Pyruvate oxidation, pyruvate => acetyl-CoA	KEGG modules	KEGG	19	1	923	2	0.040768220200554	0.11022518794965	C00022	C00022
M00083	beta-Alanine biosynthesis, L-aspartate => beta-alanine	KEGG modules	KEGG	19	1	923	2	0.040768220200554	0.11022518794965	C00049	C00049
M00302	Reductive carboxylate cycle	KEGG modules	KEGG	19	2	923	12	0.023445064339571	0.11022518794965	C00022|C00042	C00022|C00042
M00073	Tyrosine biosynthesis, prephanate => pretyrosine => tyrosine	KEGG modules	KEGG	19	1	923	3	0.060556932270123	0.13395927441573	C00082	C00082
M00081	Cyanoalanine biosynthesis, cysteine => 3-cyanoalanine => asparagine	KEGG modules	KEGG	19	1	923	3	0.060556932270123	0.13395927441573	C00152	C00152
M00082	Selenocysteine metabolism	KEGG modules	KEGG	19	1	923	3	0.060556932270123	0.13395927441573	C00041	C00041
M00298	CAM (Crassulacean acid metabolism), light	KEGG modules	KEGG	19	1	923	3	0.060556932270123	0.13395927441573	C00022	C00022
M00063	Cysteine metabolism, cysteine => 3-mercaptopyruvate => pyruvate	KEGG modules	KEGG	19	1	923	3	0.060556932270123	0.13395927441573	C00022	C00022
M00299	C4-dicarboxylic acid cycle, phosphoenolpyruvate carboxykinase type	KEGG modules	KEGG	19	1	923	3	0.060556932270123	0.13395927441573	C00049	C00049
M00077	Thyroid hormone biosynthesis, tyrosine => triiodothyronine/thyroxine	KEGG modules	KEGG	19	1	923	4	0.079958473886346	0.1423650876513	C00082	C00082
M00258	Inositol phosphate metabolism, Ins(1,4,5)P3 => myo-inositol	KEGG modules	KEGG	19	1	923	4	0.079958473886346	0.1423650876513	C00137	C00137
M00062	Cysteine metabolism, cysteine => 3-sulfino-L-alanine => pyruvate	KEGG modules	KEGG	19	1	923	4	0.079958473886346	0.1423650876513	C00022	C00022
M00681	Non-phosphorylative Entner-Doudoroff pathway, gluconate =>	KEGG modules	KEGG	19	1	923	4	0.079958473886346	0.1423650876513	C00022	C00022
M00056	S-Adenosylmethionine biosynthesis, methionine =>	KEGG modules	KEGG	19	1	923	4	0.079958473886346	0.1423650876513	C00073	C00073
M00035	Phenylalanine biosynthesis, chorismate => phenylalanine	KEGG modules	KEGG	19	1	923	4	0.079958473886346	0.1423650876513	C00079	C00079
M00036	Tyrosine biosynthesis, chorismate => tyrosine	KEGG modules	KEGG	19	1	923	4	0.079958473886346	0.1423650876513	C00082	C00082
M00040	GABA (gamma-Aminobutyrate) shunt	KEGG modules	KEGG	19	1	923	4	0.079958473886346	0.1423650876513	C00042	C00042
M00089	Creatine pathway	KEGG modules	KEGG	19	1	923	5	0.098980007070321	0.14746001053334	C00062	C00062
M00020	Proline biosynthesis, glutamate => proline	KEGG modules	KEGG	19	1	923	5	0.098980007070321	0.14746001053334	C00148	C00148
M00079	Histidine degradation, histidine => N-formiminoglutamate =>	KEGG modules	KEGG	19	1	923	5	0.098980007070321	0.14746001053334	C00135	C00135
M00680	Semi-phosphorylative Entner-Doudoroff pathway, gluconate =>	KEGG modules	KEGG	19	1	923	5	0.098980007070321	0.14746001053334	C00022	C00022
M00257	Inositol phosphate metabolism, Ins(1,3,4,5)P4 => Ins(1,3,4)P3 =>	KEGG modules	KEGG	19	1	923	5	0.098980007070321	0.14746001053334	C00137	C00137
M00075	Catecholamine biosynthesis, tyrosine => dopamine => noradrenaline =>	KEGG modules	KEGG	19	1	923	5	0.098980007070321	0.14746001053334	C00082	C00082
M00067	Tryptophan metabolism, tryptophan => kynurenine => kynurenate	KEGG modules	KEGG	19	1	923	5	0.098980007070321	0.14746001053334	C00078	C00078
M00301	C4-dicarboxylic acid cycle, NADP+ -malic enzyme type	KEGG modules	KEGG	19	1	923	5	0.098980007070321	0.14746001053334	C00022	C00022
M00051	Ectoine biosynthesis	KEGG modules	KEGG	19	1	923	6	0.11762856901553	0.15901639885432	C00049	C00049
M00034	Tryptophan biosynthesis, chorismate => tryptophan	KEGG modules	KEGG	19	1	923	6	0.11762856901553	0.15901639885432	C00078	C00078
M00260	Polyamine biosynthesis, arginine => putrescine => spermidine	KEGG modules	KEGG	19	1	923	6	0.11762856901553	0.15901639885432	C00062	C00062
M00055	Methionine degradation	KEGG modules	KEGG	19	1	923	6	0.11762856901553	0.15901639885432	C00073	C00073
M00240	NAD biosynthesis, aspartate => NAD	KEGG modules	KEGG	19	1	923	6	0.11762856901553	0.15901639885432	C00049	C00049
M00066	Tryptophan metabolism, tryptophan => serotonin =>	KEGG modules	KEGG	19	1	923	7	0.13591107412866	0.17406155107706	C00078	C00078
M00008	Entner-Doudoroff pathway, glucose-6P => glyceraldehyde-3P + pyruvate	KEGG modules	KEGG	19	1	923	7	0.13591107412866	0.17406155107706	C00022	C00022
M00002	Glycolysis, core module involving three-carbon compounds	KEGG modules	KEGG	19	1	923	7	0.13591107412866	0.17406155107706	C00022	C00022
M00068	Tryptophan metabolism, kynurenine => 2-aminomuconate	KEGG modules	KEGG	19	1	923	8	0.15383431604061	0.19033737408414	C00078	C00078
M00093	Uridine monophosphate biosynthesis, glutamine (+ PRPP) => UMP	KEGG modules	KEGG	19	1	923	8	0.15383431604061	0.19033737408414	C00064	C00064
M00011	Citrate cycle, second carbon oxidation	KEGG modules	KEGG	19	1	923	9	0.17140496958736	0.20854271299796	C00042	C00042
M00058	Leucine degradation, leucine => acetoacetate + acetyl-CoA	KEGG modules	KEGG	19	1	923	10	0.18862959275789	0.21184554263578	C00123	C00123
M00074	Tyrosine metabolism, tyrosine => L-DOPA => dopaquinone => melanin	KEGG modules	KEGG	19	1	923	10	0.18862959275789	0.21184554263578	C00082	C00082
M00059	Isoleucine degradation, isoleucine => propionyl-CoA	KEGG modules	KEGG	19	1	923	10	0.18862959275789	0.21184554263578	C00407	C00407
M00050	Lysine degradation, lysine => saccharopine => acetoacetyl-CoA	KEGG modules	KEGG	19	1	923	10	0.18862959275789	0.21184554263578	C00047	C00047
M00192	C5 isoprenoid biosynthesis, non-mevalonate pathway	KEGG modules	KEGG	19	1	923	10	0.18862959275789	0.21184554263578	C00022	C00022
M00054	Methionine salvage pathway	KEGG modules	KEGG	19	1	923	11	0.20551462861506	0.22062599836616	C00073	C00073
M00037	Histidine biosynthesis, PRPP => histidine	KEGG modules	KEGG	19	1	923	11	0.20551462861506	0.22062599836616	C00135	C00135
M00001	Glycolysis (Embden-Meyerhof pathway), glucose => pyruvate	KEGG modules	KEGG	19	1	923	11	0.20551462861506	0.22062599836616	C00022	C00022
M00048	Lysine biosynthesis, 2-oxoglutarate => 2-aminoadipate => lysine	KEGG modules	KEGG	19	1	923	12	0.22206640718536	0.23158353892187	C00047	C00047
M00009	Citrate cycle (TCA cycle, Krebs cycle)	KEGG modules	KEGG	19	1	923	12	0.22206640718536	0.23158353892187	C00042	C00042
M00090	Inosine monophosphate biosynthesis, PRPP + glutamine => IMP	KEGG modules	KEGG	19	1	923	13	0.23829114732111	0.23829114732111	C00064	C00064
M00049	Lysine degradation, lysine => 6-amino-2-oxohexanoate =>	KEGG modules	KEGG	19	1	923	13	0.23829114732111	0.23829114732111	C00047	C00047
M00047	Lysine biosynthesis, 2-oxoglutarate => 2-aminoadipate => lysine	KEGG modules	KEGG	19	1	923	13	0.23829114732111	0.23829114732111	C00047	C00047
