ID Annotation	Annotation	Category	Database	N	n	M	m	p-value	FDR correction	Submitted IDs	Matching IDs
mmu00970	Aminoacyl-tRNA biosynthesis	Pathways (Mus musculus (mouse))	KEGG	20	16	3584	75	1.1357919240807E-24	6.1332763900356E-23	C00041|C00047|C00049|C00062|C00064|C00073|C00078|C00079|C00082|C00123|C00135|C00148|C00152|C00183|C00188|C00407	C00041|C00047|C00049|C00062|C00064|C00073|C00078|C00079|C00082|C00123|C00135|C00148|C00152|C00183|C00188|C00407
mmu02010	ABC transporters	Pathways (Mus musculus (mouse))	KEGG	20	12	3584	90	3.1842053428853E-15	8.5973544257903E-14	C00041|C00047|C00049|C00062|C00064|C00079|C00123|C00135|C00148|C00183|C00188|C00407	C00041|C00047|C00049|C00062|C00064|C00079|C00123|C00135|C00148|C00183|C00188|C00407
mmu00250	Alanine, aspartate and glutamate metabolism	Pathways (Mus musculus (mouse))	KEGG	20	6	3584	24	1.6751667922001E-9	3.0153002259602E-8	C00022|C00041|C00042|C00049|C00064|C00152	C00022|C00041|C00042|C00049|C00064|C00152
mmu01100	Metabolic pathways	Pathways (Mus musculus (mouse))	KEGG	20	20	3584	1455	1.3677227885356E-8	1.8464257645231E-7	C00022|C00041|C00042|C00047|C00049|C00062|C00064|C00073|C00078|C00079|C00082|C00123|C00135|C00137|C00148|C00152|C00183|C00188|C00407|C01157	C00022|C00041|C00042|C00047|C00049|C00062|C00064|C00073|C00078|C00079|C00082|C00123|C00135|C00137|C00148|C00152|C00183|C00188|C00407|C01157
mmu01110	Biosynthesis of secondary metabolites	Pathways (Mus musculus (mouse))	KEGG	20	17	3584	1023	2.2690924370486E-7	2.4506198320125E-6	C00022|C00042|C00047|C00049|C00062|C00073|C00078|C00079|C00082|C00123|C00135|C00137|C00148|C00152|C00183|C00188|C00407	C00022|C00042|C00047|C00049|C00062|C00073|C00078|C00079|C00082|C00123|C00135|C00137|C00148|C00152|C00183|C00188|C00407
mmu00290	Valine, leucine and isoleucine biosynthesis	Pathways (Mus musculus (mouse))	KEGG	20	5	3584	28	2.8606267512194E-7	2.5745640760975E-6	C00022|C00123|C00183|C00188|C00407	C00022|C00123|C00183|C00188|C00407
mmu00330	Arginine and proline metabolism	Pathways (Mus musculus (mouse))	KEGG	20	6	3584	82	3.5808591366554E-6	2.762377048277E-5	C00022|C00049|C00062|C00064|C00148|C01157	C00022|C00049|C00062|C00064|C00148|C01157
mmu00360	Phenylalanine metabolism	Pathways (Mus musculus (mouse))	KEGG	20	4	3584	46	9.9082861638441E-5	0.00066880931605948	C00022|C00042|C00079|C00082	C00022|C00042|C00079|C00082
mmu00260	Glycine, serine and threonine metabolism	Pathways (Mus musculus (mouse))	KEGG	20	4	3584	49	0.00012726748340908	0.00076360490045448	C00022|C00049|C00078|C00188	C00022|C00049|C00078|C00188
mmu00270	Cysteine and methionine metabolism	Pathways (Mus musculus (mouse))	KEGG	20	4	3584	56	0.00021513676713647	0.0011617385425369	C00022|C00041|C00049|C00073	C00022|C00041|C00049|C00073
mmu00400	Phenylalanine, tyrosine and tryptophan biosynthesis	Pathways (Mus musculus (mouse))	KEGG	20	3	3584	27	0.00039927489966654	0.0016585265063072	C00078|C00079|C00082	C00078|C00079|C00082
mmu00770	Pantothenate and CoA biosynthesis	Pathways (Mus musculus (mouse))	KEGG	20	3	3584	27	0.00039927489966654	0.0016585265063072	C00022|C00049|C00183	C00022|C00049|C00183
mmu00910	Nitrogen metabolism	Pathways (Mus musculus (mouse))	KEGG	20	3	3584	26	0.00035617862888305	0.0016585265063072	C00049|C00064|C00152	C00049|C00064|C00152
mmu00460	Cyanoamino acid metabolism	Pathways (Mus musculus (mouse))	KEGG	20	3	3584	41	0.0013842999312445	0.0049834797524801	C00049|C00082|C00152	C00049|C00082|C00152
mmu00280	Valine, leucine and isoleucine degradation	Pathways (Mus musculus (mouse))	KEGG	20	3	3584	41	0.0013842999312445	0.0049834797524801	C00123|C00183|C00407	C00123|C00183|C00407
mmu00020	Citrate cycle (TCA cycle)	Pathways (Mus musculus (mouse))	KEGG	20	2	3584	20	0.0052934362348703	0.016814444510764	C00022|C00042	C00022|C00042
mmu00430	Taurine and hypotaurine metabolism	Pathways (Mus musculus (mouse))	KEGG	20	2	3584	20	0.0052934362348703	0.016814444510764	C00022|C00041	C00022|C00041
mmu00350	Tyrosine metabolism	Pathways (Mus musculus (mouse))	KEGG	20	3	3584	76	0.0080591047442151	0.024177314232645	C00022|C00042|C00082	C00022|C00042|C00082
mmu00730	Thiamine metabolism	Pathways (Mus musculus (mouse))	KEGG	20	2	3584	26	0.008874874820495	0.025223328437196	C00022|C00082	C00022|C00082
mmu00410	beta-Alanine metabolism	Pathways (Mus musculus (mouse))	KEGG	20	2	3584	31	0.012487816827505	0.033717105434265	C00049|C00135	C00049|C00135
mmu00300	Lysine biosynthesis	Pathways (Mus musculus (mouse))	KEGG	20	2	3584	32	0.013275997993689	0.0341382805552	C00047|C00049	C00047|C00049
mmu00640	Propanoate metabolism	Pathways (Mus musculus (mouse))	KEGG	20	2	3584	36	0.016639380038601	0.040842114640202	C00042|C00183	C00042|C00183
mmu00650	Butanoate metabolism	Pathways (Mus musculus (mouse))	KEGG	20	2	3584	40	0.020328610263916	0.047728041489195	C00022|C00042	C00022|C00042
mmu00340	Histidine metabolism	Pathways (Mus musculus (mouse))	KEGG	20	2	3584	44	0.024329107796153	0.050529685422779	C00049|C00135	C00049|C00135
mmu00760	Nicotinate and nicotinamide metabolism	Pathways (Mus musculus (mouse))	KEGG	20	2	3584	44	0.024329107796153	0.050529685422779	C00022|C00049	C00022|C00049
mmu00630	Glyoxylate and dicarboxylate metabolism	Pathways (Mus musculus (mouse))	KEGG	20	2	3584	44	0.024329107796153	0.050529685422779	C00022|C00042	C00022|C00042
mmu00053	Ascorbate and aldarate metabolism	Pathways (Mus musculus (mouse))	KEGG	20	2	3584	47	0.027525221990142	0.055050443980285	C00022|C00137	C00022|C00137
mmu04916	Melanogenesis	Pathways (Mus musculus (mouse))	KEGG	20	1	3584	6	0.033041231972554	0.061525052638549	C00082	C00082
mmu04930	Type II diabetes mellitus	Pathways (Mus musculus (mouse))	KEGG	20	1	3584	6	0.033041231972554	0.061525052638549	C00022	C00022
mmu05142	Chagas disease	Pathways (Mus musculus (mouse))	KEGG	20	1	3584	7	0.038446255829476	0.069203260493056	C00062	C00062
mmu00472	D-Arginine and D-ornithine metabolism	Pathways (Mus musculus (mouse))	KEGG	20	1	3584	10	0.054489645129255	0.091951276155618	C00062	C00062
mmu05014	Amyotrophic lateral sclerosis (ALS)	Pathways (Mus musculus (mouse))	KEGG	20	1	3584	10	0.054489645129255	0.091951276155618	C00062	C00062
mmu00780	Biotin metabolism	Pathways (Mus musculus (mouse))	KEGG	20	1	3584	11	0.059780693561722	0.097822953100999	C00047	C00047
mmu00471	D-Glutamine and D-glutamate metabolism	Pathways (Mus musculus (mouse))	KEGG	20	1	3584	12	0.065043605995849	0.10330455069929	C00064	C00064
mmu05012	Parkinson's disease	Pathways (Mus musculus (mouse))	KEGG	20	1	3584	13	0.070278524216233	0.10842972307647	C00082	C00082
mmu00190	Oxidative phosphorylation	Pathways (Mus musculus (mouse))	KEGG	20	1	3584	16	0.085816721305054	0.12872508195758	C00042	C00042
mmu04964	Proximal tubule bicarbonate reclamation	Pathways (Mus musculus (mouse))	KEGG	20	1	3584	17	0.090941067037399	0.13272480054107	C00064	C00064
mmu04070	Phosphatidylinositol signaling system	Pathways (Mus musculus (mouse))	KEGG	20	1	3584	27	0.14070579718383	0.1999503433665	C00137	C00137
mmu00620	Pyruvate metabolism	Pathways (Mus musculus (mouse))	KEGG	20	1	3584	32	0.16460678190951	0.20671549356078	C00022	C00022
mmu00030	Pentose phosphate pathway	Pathways (Mus musculus (mouse))	KEGG	20	1	3584	32	0.16460678190951	0.20671549356078	C00022	C00022
mmu00010	Glycolysis / Gluconeogenesis	Pathways (Mus musculus (mouse))	KEGG	20	1	3584	31	0.15987769491333	0.20671549356078	C00022	C00022
mmu00750	Vitamin B6 metabolism	Pathways (Mus musculus (mouse))	KEGG	20	1	3584	32	0.16460678190951	0.20671549356078	C00022	C00022
mmu00450	Selenoamino acid metabolism	Pathways (Mus musculus (mouse))	KEGG	20	1	3584	30	0.15512318271639	0.20671549356078	C00041	C00041
mmu00900	Terpenoid backbone biosynthesis	Pathways (Mus musculus (mouse))	KEGG	20	1	3584	33	0.16931057255253	0.20779024813265	C00022	C00022
mmu00562	Inositol phosphate metabolism	Pathways (Mus musculus (mouse))	KEGG	20	1	3584	39	0.19700923083988	0.23641107700786	C00137	C00137
mmu00052	Galactose metabolism	Pathways (Mus musculus (mouse))	KEGG	20	1	3584	41	0.20604548790779	0.2418794858048	C00137	C00137
mmu00310	Lysine degradation	Pathways (Mus musculus (mouse))	KEGG	20	1	3584	47	0.23257822587703	0.26721753611403	C00047	C00047
mmu00040	Pentose and glucuronate interconversions	Pathways (Mus musculus (mouse))	KEGG	20	1	3584	53	0.25826720086117	0.29055060096882	C00022	C00022
mmu00240	Pyrimidine metabolism	Pathways (Mus musculus (mouse))	KEGG	20	1	3584	59	0.28313787572946	0.31202949570186	C00064	C00064
mmu00130	Ubiquinone and other terpenoid-quinone biosynthesis	Pathways (Mus musculus (mouse))	KEGG	20	1	3584	76	0.34937456000121	0.3773245248013	C00082	C00082
mmu00380	Tryptophan metabolism	Pathways (Mus musculus (mouse))	KEGG	20	1	3584	81	0.36772153014951	0.3893522083936	C00078	C00078
mmu00230	Purine metabolism	Pathways (Mus musculus (mouse))	KEGG	20	1	3584	92	0.4063699613272	0.4219995752244	C00064	C00064
mmu00860	Porphyrin and chlorophyll metabolism	Pathways (Mus musculus (mouse))	KEGG	20	1	3584	126	0.51213716239035	0.51776494917486	C00188	C00188
mmu04080	Neuroactive ligand-receptor interaction	Pathways (Mus musculus (mouse))	KEGG	20	1	3584	128	0.51776494917486	0.51776494917486	C00049	C00049
