ID Annotation	Annotation	Category	Database	N	n	M	m	p-value	FDR correction	Submitted IDs	Matching IDs
mmu00020	Citrate cycle (TCA cycle)	Pathways (Mus musculus (mouse))	KEGG	8	4	3584	20	4.871192654726E-8	1.7536293557014E-6	C00026|C00042|C00122|C00158	C00026|C00042|C00122|C00158
mmu00250	Alanine, aspartate and glutamate metabolism	Pathways (Mus musculus (mouse))	KEGG	8	4	3584	24	1.0645168158736E-7	1.9161302685725E-6	C00025|C00026|C00042|C00122	C00025|C00026|C00042|C00122
mmu00650	Butanoate metabolism	Pathways (Mus musculus (mouse))	KEGG	8	4	3584	40	9.0247236434996E-7	1.08296683722E-5	C00025|C00026|C00042|C00122	C00025|C00026|C00042|C00122
mmu00330	Arginine and proline metabolism	Pathways (Mus musculus (mouse))	KEGG	8	4	3584	82	1.6628249910923E-5	0.00014965424919831	C00025|C00122|C00134|C00315	C00025|C00122|C00134|C00315
mmu02010	ABC transporters	Pathways (Mus musculus (mouse))	KEGG	8	4	3584	90	2.4116147704628E-5	0.00017363626347332	C00025|C00134|C00245|C00315	C00025|C00134|C00245|C00315
mmu00480	Glutathione metabolism	Pathways (Mus musculus (mouse))	KEGG	8	3	3584	38	5.9397456296118E-5	0.00035638473777671	C00025|C00134|C00315	C00025|C00134|C00315
mmu00630	Glyoxylate and dicarboxylate metabolism	Pathways (Mus musculus (mouse))	KEGG	8	3	3584	44	9.2662611362296E-5	0.00047655057272038	C00026|C00042|C00158	C00026|C00042|C00158
mmu00471	D-Glutamine and D-glutamate metabolism	Pathways (Mus musculus (mouse))	KEGG	8	2	3584	12	0.00028461853897713	0.0012807834253971	C00025|C00026	C00025|C00026
mmu00190	Oxidative phosphorylation	Pathways (Mus musculus (mouse))	KEGG	8	2	3584	16	0.00051517878403923	0.0020607151361569	C00042|C00122	C00042|C00122
mmu04964	Proximal tubule bicarbonate reclamation	Pathways (Mus musculus (mouse))	KEGG	8	2	3584	17	0.00058321665445889	0.002099579956052	C00025|C00026	C00025|C00026
mmu01100	Metabolic pathways	Pathways (Mus musculus (mouse))	KEGG	8	8	3584	1455	0.0007294294262652	0.0023872235768679	C00025|C00026|C00042|C00122|C00134|C00158|C00245|C00315	C00025|C00026|C00042|C00122|C00134|C00158|C00245|C00315
mmu00340	Histidine metabolism	Pathways (Mus musculus (mouse))	KEGG	8	2	3584	44	0.0039360028939565	0.01180800868187	C00025|C00026	C00025|C00026
mmu00360	Phenylalanine metabolism	Pathways (Mus musculus (mouse))	KEGG	8	2	3584	46	0.0042966633644457	0.01189845239385	C00042|C00122	C00042|C00122
mmu05016	Huntington's disease	Pathways (Mus musculus (mouse))	KEGG	8	1	3584	3	0.0066833532637168	0.01604004783292	C00025	C00025
mmu05211	Renal cell carcinoma	Pathways (Mus musculus (mouse))	KEGG	8	1	3584	3	0.0066833532637168	0.01604004783292	C00122	C00122
mmu01110	Biosynthesis of secondary metabolites	Pathways (Mus musculus (mouse))	KEGG	8	6	3584	1023	0.0085904324678299	0.019328473052617	C00025|C00026|C00042|C00122|C00134|C00158	C00025|C00026|C00042|C00122|C00134|C00158
mmu00350	Tyrosine metabolism	Pathways (Mus musculus (mouse))	KEGG	8	2	3584	76	0.011439873223166	0.024225613884351	C00042|C00122	C00042|C00122
mmu04720	Long-term potentiation	Pathways (Mus musculus (mouse))	KEGG	8	1	3584	7	0.01553367701924	0.031067354038481	C00025	C00025
mmu04730	Long-term depression	Pathways (Mus musculus (mouse))	KEGG	8	1	3584	9	0.019932906672441	0.037767612642519	C00025	C00025
mmu05014	Amyotrophic lateral sclerosis (ALS)	Pathways (Mus musculus (mouse))	KEGG	8	1	3584	10	0.022126063804207	0.039826914847573	C00025	C00025
mmu04540	Gap junction	Pathways (Mus musculus (mouse))	KEGG	8	1	3584	11	0.024314925441016	0.041682729327456	C00025	C00025
mmu04742	Taste transduction	Pathways (Mus musculus (mouse))	KEGG	8	1	3584	13	0.02867979107159	0.046930567208056	C00025	C00025
mmu04080	Neuroactive ligand-receptor interaction	Pathways (Mus musculus (mouse))	KEGG	8	2	3584	128	0.030772509691973	0.048165667343958	C00025|C00245	C00025|C00245
mmu00430	Taurine and hypotaurine metabolism	Pathways (Mus musculus (mouse))	KEGG	8	1	3584	20	0.043822569747107	0.063104500435834	C00245	C00245
mmu05200	Pathways in cancer	Pathways (Mus musculus (mouse))	KEGG	8	1	3584	20	0.043822569747107	0.063104500435834	C00122	C00122
mmu00910	Nitrogen metabolism	Pathways (Mus musculus (mouse))	KEGG	8	1	3584	26	0.056637271619556	0.078420837627078	C00025	C00025
mmu00524	Butirosin and neomycin biosynthesis	Pathways (Mus musculus (mouse))	KEGG	8	1	3584	29	0.062988079587869	0.083161735279687	C00025	C00025
mmu00750	Vitamin B6 metabolism	Pathways (Mus musculus (mouse))	KEGG	8	1	3584	32	0.069301446066406	0.083161735279687	C00026	C00026
mmu00300	Lysine biosynthesis	Pathways (Mus musculus (mouse))	KEGG	8	1	3584	32	0.069301446066406	0.083161735279687	C00026	C00026
mmu00410	beta-Alanine metabolism	Pathways (Mus musculus (mouse))	KEGG	8	1	3584	31	0.067201139034161	0.083161735279687	C00315	C00315
mmu00640	Propanoate metabolism	Pathways (Mus musculus (mouse))	KEGG	8	1	3584	36	0.077661352899968	0.090187377561253	C00042	C00042
mmu00760	Nicotinate and nicotinamide metabolism	Pathways (Mus musculus (mouse))	KEGG	8	1	3584	44	0.094184272386557	0.10595730643488	C00122	C00122
mmu00120	Primary bile acid biosynthesis	Pathways (Mus musculus (mouse))	KEGG	8	1	3584	47	0.10031325593367	0.10621403569448	C00245	C00245
mmu00053	Ascorbate and aldarate metabolism	Pathways (Mus musculus (mouse))	KEGG	8	1	3584	47	0.10031325593367	0.10621403569448	C00026	C00026
mmu00970	Aminoacyl-tRNA biosynthesis	Pathways (Mus musculus (mouse))	KEGG	8	1	3584	75	0.15579034196646	0.16024149459408	C00025	C00025
mmu00860	Porphyrin and chlorophyll metabolism	Pathways (Mus musculus (mouse))	KEGG	8	1	3584	126	0.24918645510513	0.24918645510513	C00025	C00025
