ID Annotation	Annotation	Category	Database	N	n	M	m	p-value	FDR correction	Submitted IDs	Matching IDs
M00009	Citrate cycle (TCA cycle, Krebs cycle)	KEGG modules	KEGG	8	4	923	12	1.1214579522542E-6	1.5139682355431E-5	C00158|C00026|C00042|C00122	C00158|C00026|C00042|C00122
M00302	Reductive carboxylate cycle	KEGG modules	KEGG	8	4	923	12	1.1214579522542E-6	1.5139682355431E-5	C00122|C00042|C00026|C00158	C00122|C00042|C00026|C00158
M00011	Citrate cycle, second carbon oxidation	KEGG modules	KEGG	8	3	923	9	3.5137217342902E-5	0.00031623495608611	C00026|C00042|C00122	C00026|C00042|C00122
M00017	Glutamate biosynthesis, oxoglutarate => glutamate (glutamate	KEGG modules	KEGG	8	2	923	2	6.5804471413913E-5	0.00035534414563513	C00026|C00025	C00026|C00025
M00019	Glutamate biosynthesis, oxoglutarete => glutamate (glutamate	KEGG modules	KEGG	8	2	923	2	6.5804471413913E-5	0.00035534414563513	C00026|C00025	C00026|C00025
M00040	GABA (gamma-Aminobutyrate) shunt	KEGG modules	KEGG	8	2	923	4	0.00039140426905479	0.0017613192107465	C00025|C00042	C00025|C00042
M00010	Citrate cycle, first carbon oxidation	KEGG modules	KEGG	8	2	923	5	0.0006495057489281	0.0025052364601512	C00158|C00026	C00158|C00026
M00260	Polyamine biosynthesis, arginine => putrescine => spermidine	KEGG modules	KEGG	8	2	923	6	0.00097002392655046	0.0032738307521078	C00134|C00315	C00134|C00315
M00038	Glutamine degradation, glutamine => glutamate + NH3	KEGG modules	KEGG	8	1	923	2	0.01726897342676	0.038855190210209	C00025	C00025
M00018	Glutamine biosynthesis, glutamate => glutamine	KEGG modules	KEGG	8	1	923	2	0.01726897342676	0.038855190210209	C00025	C00025
M00261	Polyamine biosynthesis, ornithine => putrescine	KEGG modules	KEGG	8	1	923	2	0.01726897342676	0.038855190210209	C00134	C00134
M00044	Aspartate degradation, aspartate => fumarate	KEGG modules	KEGG	8	1	923	2	0.01726897342676	0.038855190210209	C00122	C00122
M00087	Taurine biosynthesis, cysteine => cysteate => taurine	KEGG modules	KEGG	8	1	923	3	0.02580518212661	0.046449327827898	C00245	C00245
M00088	Isethionate biosynthesis, taurine <=> isethionate	KEGG modules	KEGG	8	1	923	3	0.02580518212661	0.046449327827898	C00245	C00245
M00243	Glutathione biosynthesis, glutamate => glutathione	KEGG modules	KEGG	8	1	923	3	0.02580518212661	0.046449327827898	C00025	C00025
M00263	Ptrescine metabolism, gamma-glutamylation, putrescine =>	KEGG modules	KEGG	8	1	923	5	0.042683175328406	0.057622286693348	C00134	C00134
M00262	Ptrescine metabolism, N-acetylation, putrescine => 4-aminobutanoate	KEGG modules	KEGG	8	1	923	5	0.042683175328406	0.057622286693348	C00134	C00134
M00079	Histidine degradation, histidine => N-formiminoglutamate =>	KEGG modules	KEGG	8	1	923	5	0.042683175328406	0.057622286693348	C00025	C00025
M00086	Taurine biosynthesis, cysteine => hypotaurine => taurine	KEGG modules	KEGG	8	1	923	4	0.034276441412515	0.057622286693348	C00245	C00245
M00020	Proline biosynthesis, glutamate => proline	KEGG modules	KEGG	8	1	923	5	0.042683175328406	0.057622286693348	C00025	C00025
M00041	Ornithine biosynthesis, glutamate => ornithine	KEGG modules	KEGG	8	1	923	6	0.051025805608762	0.065604607211265	C00025	C00025
M00012	Glyoxylate cycle	KEGG modules	KEGG	8	1	923	7	0.059304751688512	0.072783104344992	C00158	C00158
M00042	Urea cycle	KEGG modules	KEGG	8	1	923	9	0.075673257548296	0.088833824078435	C00122	C00122
M00048	Lysine biosynthesis, 2-oxoglutarate => 2-aminoadipate => lysine	KEGG modules	KEGG	8	1	923	12	0.099758739595095	0.1077394387627	C00026	C00026
M00078	Tyrosine degradation, tyrosine => homogentisate	KEGG modules	KEGG	8	1	923	12	0.099758739595095	0.1077394387627	C00122	C00122
M00047	Lysine biosynthesis, 2-oxoglutarate => 2-aminoadipate => lysine	KEGG modules	KEGG	8	1	923	13	0.10766426109157	0.11180519421047	C00026	C00026
M00246	Heme biosynthesis, glutamate => protoheme/siroheme	KEGG modules	KEGG	8	1	923	14	0.11550897088402	0.11550897088402	C00025	C00025
