ID Annotation	Annotation	Category	Database	N	n	M	m	p-value	FDR correction	Submitted IDs	Matching IDs
mmu00970	Aminoacyl-tRNA biosynthesis	Pathways (Mus musculus (mouse))	KEGG	35	18	3584	75	2.3484329383836E-22	1.7378403744039E-20	C00025|C00041|C00047|C00049|C00062|C00064|C00065|C00073|C00078|C00079|C00082|C00123|C00135|C00148|C00152|C00183|C00188|C00407	C00025|C00041|C00047|C00049|C00062|C00064|C00065|C00073|C00078|C00079|C00082|C00123|C00135|C00148|C00152|C00183|C00188|C00407
mmu02010	ABC transporters	Pathways (Mus musculus (mouse))	KEGG	35	18	3584	90	8.6870984783058E-21	3.2142264369732E-19	C00025|C00041|C00047|C00049|C00062|C00064|C00065|C00079|C00123|C00134|C00135|C00148|C00183|C00188|C00245|C00315|C00392|C00407	C00025|C00041|C00047|C00049|C00062|C00064|C00065|C00079|C00123|C00134|C00135|C00148|C00183|C00188|C00245|C00315|C00392|C00407
mmu00250	Alanine, aspartate and glutamate metabolism	Pathways (Mus musculus (mouse))	KEGG	35	9	3584	24	3.1424914778172E-13	7.7514789786158E-12	C00022|C00025|C00041|C00042|C00049|C00064|C00122|C00152|C00334	C00022|C00025|C00041|C00042|C00049|C00064|C00122|C00152|C00334
mmu01100	Metabolic pathways	Pathways (Mus musculus (mouse))	KEGG	35	33	3584	1455	2.1521181110994E-11	3.9814185055339E-10	C00022|C00025|C00041|C00042|C00047|C00049|C00062|C00064|C00065|C00073|C00078|C00079|C00082|C00122|C00123|C00134|C00135|C00137|C00148|C00152|C00158|C00183|C00187|C00188|C00221|C00245|C00258|C00263|C00315|C00334|C00407|C00750|C00956	C00022|C00025|C00041|C00042|C00047|C00049|C00062|C00064|C00065|C00073|C00078|C00079|C00082|C00122|C00123|C00134|C00135|C00137|C00148|C00152|C00158|C00183|C00187|C00188|C00221|C00245|C00258|C00263|C00315|C00334|C00407|C00750|C00956
mmu00330	Arginine and proline metabolism	Pathways (Mus musculus (mouse))	KEGG	35	11	3584	82	1.2146989313506E-10	1.7977544183989E-9	C00022|C00025|C00049|C00062|C00064|C00122|C00134|C00148|C00315|C00334|C00750	C00022|C00025|C00049|C00062|C00064|C00122|C00134|C00148|C00315|C00334|C00750
mmu01110	Biosynthesis of secondary metabolites	Pathways (Mus musculus (mouse))	KEGG	35	26	3584	1023	2.3160800314903E-8	2.8564987055047E-7	C00022|C00025|C00042|C00047|C00049|C00062|C00065|C00073|C00078|C00079|C00082|C00122|C00123|C00134|C00135|C00137|C00148|C00152|C00158|C00183|C00187|C00188|C00221|C00263|C00407|C00956	C00022|C00025|C00042|C00047|C00049|C00062|C00065|C00073|C00078|C00079|C00082|C00122|C00123|C00134|C00135|C00137|C00148|C00152|C00158|C00183|C00187|C00188|C00221|C00263|C00407|C00956
mmu00260	Glycine, serine and threonine metabolism	Pathways (Mus musculus (mouse))	KEGG	35	7	3584	49	2.8863012444841E-7	3.0512327441689E-6	C00022|C00049|C00065|C00078|C00188|C00258|C00263	C00022|C00049|C00065|C00078|C00188|C00258|C00263
mmu00270	Cysteine and methionine metabolism	Pathways (Mus musculus (mouse))	KEGG	35	7	3584	56	7.4243293634989E-7	6.8675046612365E-6	C00022|C00041|C00049|C00065|C00073|C00263|C02989	C00022|C00041|C00049|C00065|C00073|C00263|C02989
mmu00290	Valine, leucine and isoleucine biosynthesis	Pathways (Mus musculus (mouse))	KEGG	35	5	3584	28	5.5254086522472E-6	4.5431137807366E-5	C00022|C00123|C00183|C00188|C00407	C00022|C00123|C00183|C00188|C00407
mmu00410	beta-Alanine metabolism	Pathways (Mus musculus (mouse))	KEGG	35	5	3584	31	9.3536388915161E-6	6.9216927797219E-5	C00049|C00135|C00315|C00334|C00750	C00049|C00135|C00315|C00334|C00750
mmu00650	Butanoate metabolism	Pathways (Mus musculus (mouse))	KEGG	35	5	3584	40	3.4006775195681E-5	0.00020970844704003	C00022|C00025|C00042|C00122|C00334	C00022|C00025|C00042|C00122|C00334
mmu00020	Citrate cycle (TCA cycle)	Pathways (Mus musculus (mouse))	KEGG	35	4	3584	20	3.3073368748621E-5	0.00020970844704003	C00022|C00042|C00122|C00158	C00022|C00042|C00122|C00158
mmu00360	Phenylalanine metabolism	Pathways (Mus musculus (mouse))	KEGG	35	5	3584	46	6.7921507187578E-5	0.00038663011783698	C00022|C00042|C00079|C00082|C00122	C00022|C00042|C00079|C00082|C00122
mmu00910	Nitrogen metabolism	Pathways (Mus musculus (mouse))	KEGG	35	4	3584	26	9.7888913257678E-5	0.00051741282721915	C00025|C00049|C00064|C00152	C00025|C00049|C00064|C00152
mmu00300	Lysine biosynthesis	Pathways (Mus musculus (mouse))	KEGG	35	4	3584	32	0.00022585389561915	0.0011142125517211	C00047|C00049|C00263|C00956	C00047|C00049|C00263|C00956
mmu00480	Glutathione metabolism	Pathways (Mus musculus (mouse))	KEGG	35	4	3584	38	0.00044470960062729	0.0020567819029012	C00025|C00134|C00315|C00750	C00025|C00134|C00315|C00750
mmu00460	Cyanoamino acid metabolism	Pathways (Mus musculus (mouse))	KEGG	35	4	3584	41	0.00059755512242917	0.0026011222976328	C00049|C00065|C00082|C00152	C00049|C00065|C00082|C00152
mmu00630	Glyoxylate and dicarboxylate metabolism	Pathways (Mus musculus (mouse))	KEGG	35	4	3584	44	0.00078452675344121	0.0032252766530361	C00022|C00042|C00158|C00258	C00022|C00042|C00158|C00258
mmu00430	Taurine and hypotaurine metabolism	Pathways (Mus musculus (mouse))	KEGG	35	3	3584	20	0.00086830073465696	0.0033818028612955	C00022|C00041|C00245	C00022|C00041|C00245
mmu00770	Pantothenate and CoA biosynthesis	Pathways (Mus musculus (mouse))	KEGG	35	3	3584	27	0.0021259122174676	0.0074913097186955	C00022|C00049|C00183	C00022|C00049|C00183
mmu00400	Phenylalanine, tyrosine and tryptophan biosynthesis	Pathways (Mus musculus (mouse))	KEGG	35	3	3584	27	0.0021259122174676	0.0074913097186955	C00078|C00079|C00082	C00078|C00079|C00082
mmu00030	Pentose phosphate pathway	Pathways (Mus musculus (mouse))	KEGG	35	3	3584	32	0.0034865063593328	0.011727339572301	C00022|C00221|C00258	C00022|C00221|C00258
mmu05014	Amyotrophic lateral sclerosis (ALS)	Pathways (Mus musculus (mouse))	KEGG	35	2	3584	10	0.0039699277399922	0.01277281098954	C00025|C00062	C00025|C00062
mmu00471	D-Glutamine and D-glutamate metabolism	Pathways (Mus musculus (mouse))	KEGG	35	2	3584	12	0.0057516023780497	0.017586770098964	C00025|C00064	C00025|C00064
mmu00350	Tyrosine metabolism	Pathways (Mus musculus (mouse))	KEGG	35	4	3584	76	0.005941476384785	0.017586770098964	C00022|C00042|C00082|C00122	C00022|C00042|C00082|C00122
mmu00280	Valine, leucine and isoleucine degradation	Pathways (Mus musculus (mouse))	KEGG	35	3	3584	41	0.0070565853722581	0.020084127597965	C00123|C00183|C00407	C00123|C00183|C00407
mmu00760	Nicotinate and nicotinamide metabolism	Pathways (Mus musculus (mouse))	KEGG	35	3	3584	44	0.008593698315592	0.022711916976922	C00022|C00049|C00122	C00022|C00049|C00122
mmu00340	Histidine metabolism	Pathways (Mus musculus (mouse))	KEGG	35	3	3584	44	0.008593698315592	0.022711916976922	C00025|C00049|C00135	C00025|C00049|C00135
mmu05217	Basal cell carcinoma	Pathways (Mus musculus (mouse))	KEGG	35	1	3584	1	0.0097656249998887	0.024088541666392	C00187	C00187
mmu04340	Hedgehog signaling pathway	Pathways (Mus musculus (mouse))	KEGG	35	1	3584	1	0.0097656249998887	0.024088541666392	C00187	C00187
mmu00190	Oxidative phosphorylation	Pathways (Mus musculus (mouse))	KEGG	35	2	3584	16	0.010204564807309	0.024359283733577	C00042|C00122	C00042|C00122
mmu04964	Proximal tubule bicarbonate reclamation	Pathways (Mus musculus (mouse))	KEGG	35	2	3584	17	0.011494713321604	0.02658152455621	C00025|C00064	C00025|C00064
mmu00920	Sulfur metabolism	Pathways (Mus musculus (mouse))	KEGG	35	2	3584	18	0.012852814359532	0.028821462503193	C00065|C00263	C00065|C00263
mmu05200	Pathways in cancer	Pathways (Mus musculus (mouse))	KEGG	35	2	3584	20	0.015767407080018	0.034317297762392	C00122|C00187	C00122|C00187
mmu00730	Thiamine metabolism	Pathways (Mus musculus (mouse))	KEGG	35	2	3584	26	0.026003265795429	0.05497833339605	C00022|C00082	C00022|C00082
mmu05016	Huntington's disease	Pathways (Mus musculus (mouse))	KEGG	35	1	3584	3	0.029019723217658	0.058039446435317	C00025	C00025
mmu05211	Renal cell carcinoma	Pathways (Mus musculus (mouse))	KEGG	35	1	3584	3	0.029019723217658	0.058039446435317	C00122	C00122
mmu04080	Neuroactive ligand-receptor interaction	Pathways (Mus musculus (mouse))	KEGG	35	4	3584	128	0.034531619671296	0.067245785675681	C00025|C00049|C00245|C00334	C00025|C00049|C00245|C00334
mmu00010	Glycolysis / Gluconeogenesis	Pathways (Mus musculus (mouse))	KEGG	35	2	3584	31	0.036093030996782	0.068484212660561	C00022|C00221	C00022|C00221
mmu00640	Propanoate metabolism	Pathways (Mus musculus (mouse))	KEGG	35	2	3584	36	0.047443605779929	0.087770670692869	C00042|C00183	C00042|C00183
mmu04930	Type II diabetes mellitus	Pathways (Mus musculus (mouse))	KEGG	35	1	3584	6	0.057220682998712	0.10081739385487	C00022	C00022
mmu04916	Melanogenesis	Pathways (Mus musculus (mouse))	KEGG	35	1	3584	6	0.057220682998712	0.10081739385487	C00082	C00082
mmu05142	Chagas disease	Pathways (Mus musculus (mouse))	KEGG	35	1	3584	7	0.066442951331467	0.11174496360292	C00062	C00062
mmu04720	Long-term potentiation	Pathways (Mus musculus (mouse))	KEGG	35	1	3584	7	0.066442951331467	0.11174496360292	C00025	C00025
mmu00120	Primary bile acid biosynthesis	Pathways (Mus musculus (mouse))	KEGG	35	2	3584	47	0.076193193254259	0.11996375108117	C00187|C00245	C00187|C00245
mmu00053	Ascorbate and aldarate metabolism	Pathways (Mus musculus (mouse))	KEGG	35	2	3584	47	0.076193193254259	0.11996375108117	C00022|C00137	C00022|C00137
mmu00310	Lysine degradation	Pathways (Mus musculus (mouse))	KEGG	35	2	3584	47	0.076193193254259	0.11996375108117	C00047|C00956	C00047|C00956
mmu04730	Long-term depression	Pathways (Mus musculus (mouse))	KEGG	35	1	3584	9	0.084625319194958	0.13046403375889	C00025	C00025
mmu00472	D-Arginine and D-ornithine metabolism	Pathways (Mus musculus (mouse))	KEGG	35	1	3584	10	0.09358702935621	0.14133551372162	C00062	C00062
mmu00780	Biotin metabolism	Pathways (Mus musculus (mouse))	KEGG	35	1	3584	11	0.10246348542008	0.14867250825659	C00047	C00047
mmu04540	Gap junction	Pathways (Mus musculus (mouse))	KEGG	35	1	3584	11	0.10246348542008	0.14867250825659	C00025	C00025
mmu05012	Parkinson's disease	Pathways (Mus musculus (mouse))	KEGG	35	1	3584	13	0.11996377780708	0.16749659542876	C00082	C00082
mmu04742	Taste transduction	Pathways (Mus musculus (mouse))	KEGG	35	1	3584	13	0.11996377780708	0.16749659542876	C00025	C00025
mmu00600	Sphingolipid metabolism	Pathways (Mus musculus (mouse))	KEGG	35	1	3584	25	0.21821055998021	0.29902928589881	C00065	C00065
mmu04070	Phosphatidylinositol signaling system	Pathways (Mus musculus (mouse))	KEGG	35	1	3584	27	0.23351367473573	0.31418203509898	C00137	C00137
mmu00524	Butirosin and neomycin biosynthesis	Pathways (Mus musculus (mouse))	KEGG	35	1	3584	29	0.24852563465758	0.32840887436894	C00025	C00025
mmu00450	Selenoamino acid metabolism	Pathways (Mus musculus (mouse))	KEGG	35	1	3584	30	0.25592411645464	0.33225236171303	C00041	C00041
mmu00620	Pyruvate metabolism	Pathways (Mus musculus (mouse))	KEGG	35	1	3584	32	0.27050940059292	0.33362826073127	C00022	C00022
mmu00561	Glycerolipid metabolism	Pathways (Mus musculus (mouse))	KEGG	35	1	3584	32	0.27050940059292	0.33362826073127	C00258	C00258
mmu00750	Vitamin B6 metabolism	Pathways (Mus musculus (mouse))	KEGG	35	1	3584	32	0.27050940059292	0.33362826073127	C00022	C00022
mmu00900	Terpenoid backbone biosynthesis	Pathways (Mus musculus (mouse))	KEGG	35	1	3584	33	0.27769751178949	0.33687894872824	C00022	C00022
mmu00680	Methane metabolism	Pathways (Mus musculus (mouse))	KEGG	35	1	3584	34	0.28481679849507	0.33994263046186	C00065	C00065
mmu00562	Inositol phosphate metabolism	Pathways (Mus musculus (mouse))	KEGG	35	1	3584	39	0.31940305594373	0.37517184348946	C00137	C00137
mmu00052	Galactose metabolism	Pathways (Mus musculus (mouse))	KEGG	35	1	3584	41	0.33277774030915	0.38477426223245	C00137	C00137
mmu00860	Porphyrin and chlorophyll metabolism	Pathways (Mus musculus (mouse))	KEGG	35	2	3584	126	0.35016966298344	0.39865469324269	C00025|C00188	C00025|C00188
mmu00051	Fructose and mannose metabolism	Pathways (Mus musculus (mouse))	KEGG	35	1	3584	48	0.37760823340602	0.42337892836433	C00392	C00392
mmu00500	Starch and sucrose metabolism	Pathways (Mus musculus (mouse))	KEGG	35	1	3584	50	0.38987008454814	0.43060277994869	C00221	C00221
mmu00100	Steroid biosynthesis	Pathways (Mus musculus (mouse))	KEGG	35	1	3584	51	0.39591268416406	0.43084615629618	C00187	C00187
mmu00040	Pentose and glucuronate interconversions	Pathways (Mus musculus (mouse))	KEGG	35	1	3584	53	0.40782397294152	0.43737643474888	C00022	C00022
mmu00240	Pyrimidine metabolism	Pathways (Mus musculus (mouse))	KEGG	35	1	3584	59	0.44220505941573	0.46747391995378	C00064	C00064
mmu00130	Ubiquinone and other terpenoid-quinone biosynthesis	Pathways (Mus musculus (mouse))	KEGG	35	1	3584	76	0.52942028766877	0.55179015897872	C00082	C00082
mmu00380	Tryptophan metabolism	Pathways (Mus musculus (mouse))	KEGG	35	1	3584	81	0.55244469851535	0.56779038458522	C00078	C00078
mmu00230	Purine metabolism	Pathways (Mus musculus (mouse))	KEGG	35	1	3584	92	0.59931211020716	0.60752186514151	C00064	C00064
mmu00140	Steroid hormone biosynthesis	Pathways (Mus musculus (mouse))	KEGG	35	1	3584	99	0.62661595778084	0.62661595778084	C00187	C00187
