ID Annotation	Annotation	Category	Database	N	n	M	m	p-value	FDR correction	Submitted IDs	Matching IDs
M00040	GABA (gamma-Aminobutyrate) shunt	KEGG modules	KEGG	30	3	923	4	0.00012158473456212	0.0082637490217523	C00025|C00334|C00042	C00025|C00334|C00042
M00046	Asparagine degradation, asparagine => aspartate +NH3	KEGG modules	KEGG	30	2	923	2	0.0010223194666085	0.0082637490217523	C00152|C00049	C00152|C00049
M00044	Aspartate degradation, aspartate => fumarate	KEGG modules	KEGG	30	2	923	2	0.0010223194666085	0.0082637490217523	C00049|C00122	C00049|C00122
M00038	Glutamine degradation, glutamine => glutamate + NH3	KEGG modules	KEGG	30	2	923	2	0.0010223194666085	0.0082637490217523	C00064|C00025	C00064|C00025
M00260	Polyamine biosynthesis, arginine => putrescine => spermidine	KEGG modules	KEGG	30	3	923	6	0.00058148149059022	0.0082637490217523	C00062|C00134|C00315	C00062|C00134|C00315
M00026	Alanine biosynthesis, pyruvate => alanine	KEGG modules	KEGG	30	2	923	2	0.0010223194666085	0.0082637490217523	C00022|C00041	C00022|C00041
M00025	Threonine biosynthesis, apartate => homoserine => threonine	KEGG modules	KEGG	30	3	923	6	0.00058148149059022	0.0082637490217523	C00049|C00263|C00188	C00049|C00263|C00188
M00022	Asparagine biosynthesis, aspartate => asparagine	KEGG modules	KEGG	30	2	923	2	0.0010223194666085	0.0082637490217523	C00049|C00152	C00049|C00152
M00072	Tyrosine biosynthesis, phenylalanine => tyrosine	KEGG modules	KEGG	30	2	923	2	0.0010223194666085	0.0082637490217523	C00079|C00082	C00079|C00082
M00302	Reductive carboxylate cycle	KEGG modules	KEGG	30	4	923	12	0.00037596584914344	0.0082637490217523	C00022|C00122|C00042|C00158	C00022|C00122|C00042|C00158
M00300	C4-dicarboxylic acid cycle, NAD+ -malic enzyme type	KEGG modules	KEGG	30	3	923	6	0.00058148149059022	0.0082637490217523	C00049|C00022|C00041	C00049|C00022|C00041
M00018	Glutamine biosynthesis, glutamate => glutamine	KEGG modules	KEGG	30	2	923	2	0.0010223194666085	0.0082637490217523	C00025|C00064	C00025|C00064
M00024	Methionine biosynthesis, apartate => homoserine => methionine	KEGG modules	KEGG	30	3	923	8	0.001557423150713	0.011620772739935	C00049|C00263|C00073	C00049|C00263|C00073
M00042	Urea cycle	KEGG modules	KEGG	30	3	923	9	0.0022848844440399	0.014775586071458	C00049|C00062|C00122	C00049|C00062|C00122
M00029	Isoleucine biosynthesis, pyruvate => isoleucine	KEGG modules	KEGG	30	3	923	9	0.0022848844440399	0.014775586071458	C00188|C00022|C00407	C00188|C00022|C00407
M00078	Tyrosine degradation, tyrosine => homogentisate	KEGG modules	KEGG	30	3	923	12	0.005599486796888	0.03195001289989	C00082|C00122|C00022	C00082|C00122|C00022
M00009	Citrate cycle (TCA cycle, Krebs cycle)	KEGG modules	KEGG	30	3	923	12	0.005599486796888	0.03195001289989	C00158|C00042|C00122	C00158|C00042|C00122
M00020	Proline biosynthesis, glutamate => proline	KEGG modules	KEGG	30	2	923	5	0.0096151677697169	0.044412917793454	C00025|C00148	C00025|C00148
M00079	Histidine degradation, histidine => N-formiminoglutamate =>	KEGG modules	KEGG	30	2	923	5	0.0096151677697169	0.044412917793454	C00135|C00025	C00135|C00025
M00262	Ptrescine metabolism, N-acetylation, putrescine => 4-aminobutanoate	KEGG modules	KEGG	30	2	923	5	0.0096151677697169	0.044412917793454	C00134|C00334	C00134|C00334
M00263	Ptrescine metabolism, gamma-glutamylation, putrescine =>	KEGG modules	KEGG	30	2	923	5	0.0096151677697169	0.044412917793454	C00134|C00334	C00134|C00334
M00055	Methionine degradation	KEGG modules	KEGG	30	2	923	6	0.01413201090928	0.062309320827279	C00073|C00065	C00073|C00065
M00244	Pantothenate biosynthesis, valine/L-aspartate=> pantothenate	KEGG modules	KEGG	30	2	923	7	0.019386720027376	0.078354660110644	C00183|C00049	C00183|C00049
M00027	Valine biosynthesis, pyruvate => valine	KEGG modules	KEGG	30	2	923	7	0.019386720027376	0.078354660110644	C00022|C00183	C00022|C00183
M00011	Citrate cycle, second carbon oxidation	KEGG modules	KEGG	30	2	923	9	0.031914085998296	0.12382665367339	C00042|C00122	C00042|C00122
M00057	Threonine biosynthesis, glycine => threonine	KEGG modules	KEGG	30	1	923	2	0.06398309765155	0.13791912160445	C00188	C00188
M00049	Lysine degradation, lysine => 6-amino-2-oxohexanoate =>	KEGG modules	KEGG	30	2	923	13	0.063792527490813	0.13791912160445	C00047|C00956	C00047|C00956
M00083	beta-Alanine biosynthesis, L-aspartate => beta-alanine	KEGG modules	KEGG	30	1	923	2	0.06398309765155	0.13791912160445	C00049	C00049
M00064	Cysteine metabolism, cysteine => pyruvate	KEGG modules	KEGG	30	1	923	2	0.06398309765155	0.13791912160445	C00022	C00022
M00065	Tryptophan metabolism, tryptophan => tryptamine	KEGG modules	KEGG	30	1	923	2	0.06398309765155	0.13791912160445	C00078	C00078
M00080	Histidine metabolism, histidine => histamine	KEGG modules	KEGG	30	1	923	2	0.06398309765155	0.13791912160445	C00135	C00135
M00048	Lysine biosynthesis, 2-oxoglutarate => 2-aminoadipate => lysine	KEGG modules	KEGG	30	2	923	12	0.055073692344818	0.13791912160445	C00956|C00047	C00956|C00047
M00050	Lysine degradation, lysine => saccharopine => acetoacetyl-CoA	KEGG modules	KEGG	30	2	923	10	0.039094466900179	0.13791912160445	C00047|C00956	C00047|C00956
M00047	Lysine biosynthesis, 2-oxoglutarate => 2-aminoadipate => lysine	KEGG modules	KEGG	30	2	923	13	0.063792527490813	0.13791912160445	C00956|C00047	C00956|C00047
M00019	Glutamate biosynthesis, oxoglutarete => glutamate (glutamate	KEGG modules	KEGG	30	1	923	2	0.06398309765155	0.13791912160445	C00025	C00025
M00045	Aspartate degradation, aspartate => oxaloacetate	KEGG modules	KEGG	30	1	923	2	0.06398309765155	0.13791912160445	C00049	C00049
M00021	Aspartate biosynthesis, oxaloacetate => aspartate	KEGG modules	KEGG	30	1	923	2	0.06398309765155	0.13791912160445	C00049	C00049
M00017	Glutamate biosynthesis, oxoglutarate => glutamate (glutamate	KEGG modules	KEGG	30	1	923	2	0.06398309765155	0.13791912160445	C00025	C00025
M00023	Lysine biosynthesis, aspartate => lysine	KEGG modules	KEGG	30	2	923	10	0.039094466900179	0.13791912160445	C00049|C00047	C00049|C00047
M00679	Pyruvate oxidation, pyruvate => acetyl-CoA	KEGG modules	KEGG	30	1	923	2	0.06398309765155	0.13791912160445	C00022	C00022
M00028	Leucine biosynthesis, pyruvate => leucine	KEGG modules	KEGG	30	2	923	12	0.055073692344818	0.13791912160445	C00022|C00123	C00022|C00123
M00031	Glycine biosynthesis, serine => glycine	KEGG modules	KEGG	30	1	923	2	0.06398309765155	0.13791912160445	C00065	C00065
M00261	Polyamine biosynthesis, ornithine => putrescine	KEGG modules	KEGG	30	1	923	2	0.06398309765155	0.13791912160445	C00134	C00134
M00043	Arginine degradation, arginine => citrulline	KEGG modules	KEGG	30	1	923	2	0.06398309765155	0.13791912160445	C00062	C00062
M00060	Serine biosynthesis, hydroxypyruvate => serine	KEGG modules	KEGG	30	1	923	2	0.06398309765155	0.13791912160445	C00065	C00065
M00053	Methionine biosynthesis, intermediates, homoserine =>	KEGG modules	KEGG	30	1	923	3	0.09447224756504	0.16076856164577	C00263	C00263
M00243	Glutathione biosynthesis, glutamate => glutathione	KEGG modules	KEGG	30	1	923	3	0.09447224756504	0.16076856164577	C00025	C00025
M00298	CAM (Crassulacean acid metabolism), light	KEGG modules	KEGG	30	1	923	3	0.09447224756504	0.16076856164577	C00022	C00022
M00088	Isethionate biosynthesis, taurine <=> isethionate	KEGG modules	KEGG	30	1	923	3	0.09447224756504	0.16076856164577	C00245	C00245
M00087	Taurine biosynthesis, cysteine => cysteate => taurine	KEGG modules	KEGG	30	1	923	3	0.09447224756504	0.16076856164577	C00245	C00245
M00073	Tyrosine biosynthesis, prephanate => pretyrosine => tyrosine	KEGG modules	KEGG	30	1	923	3	0.09447224756504	0.16076856164577	C00082	C00082
M00299	C4-dicarboxylic acid cycle, phosphoenolpyruvate carboxykinase type	KEGG modules	KEGG	30	1	923	3	0.09447224756504	0.16076856164577	C00049	C00049
M00082	Selenocysteine metabolism	KEGG modules	KEGG	30	1	923	3	0.09447224756504	0.16076856164577	C00041	C00041
M00063	Cysteine metabolism, cysteine => 3-mercaptopyruvate => pyruvate	KEGG modules	KEGG	30	1	923	3	0.09447224756504	0.16076856164577	C00022	C00022
M00032	Cysteine biosynthesis, serine => cysteine	KEGG modules	KEGG	30	1	923	3	0.09447224756504	0.16076856164577	C00065	C00065
M00081	Cyanoalanine biosynthesis, cysteine => 3-cyanoalanine => asparagine	KEGG modules	KEGG	30	1	923	3	0.09447224756504	0.16076856164577	C00152	C00152
M00052	Methionine biosynthesis, intermediates, homoserine =>	KEGG modules	KEGG	30	1	923	3	0.09447224756504	0.16076856164577	C00263	C00263
M00258	Inositol phosphate metabolism, Ins(1,4,5)P3 => myo-inositol	KEGG modules	KEGG	30	1	923	4	0.12400032644899	0.18224290402352	C00137	C00137
M00086	Taurine biosynthesis, cysteine => hypotaurine => taurine	KEGG modules	KEGG	30	1	923	4	0.12400032644899	0.18224290402352	C00245	C00245
M00077	Thyroid hormone biosynthesis, tyrosine => triiodothyronine/thyroxine	KEGG modules	KEGG	30	1	923	4	0.12400032644899	0.18224290402352	C00082	C00082
M00681	Non-phosphorylative Entner-Doudoroff pathway, gluconate =>	KEGG modules	KEGG	30	1	923	4	0.12400032644899	0.18224290402352	C00022	C00022
M00036	Tyrosine biosynthesis, chorismate => tyrosine	KEGG modules	KEGG	30	1	923	4	0.12400032644899	0.18224290402352	C00082	C00082
M00062	Cysteine metabolism, cysteine => 3-sulfino-L-alanine => pyruvate	KEGG modules	KEGG	30	1	923	4	0.12400032644899	0.18224290402352	C00022	C00022
M00035	Phenylalanine biosynthesis, chorismate => phenylalanine	KEGG modules	KEGG	30	1	923	4	0.12400032644899	0.18224290402352	C00079	C00079
M00056	S-Adenosylmethionine biosynthesis, methionine =>	KEGG modules	KEGG	30	1	923	4	0.12400032644899	0.18224290402352	C00073	C00073
M00030	Serine biosynthesis, glycerate-3P => serine	KEGG modules	KEGG	30	1	923	4	0.12400032644899	0.18224290402352	C00065	C00065
M00067	Tryptophan metabolism, tryptophan => kynurenine => kynurenate	KEGG modules	KEGG	30	1	923	5	0.15259661611858	0.20276536662331	C00078	C00078
M00680	Semi-phosphorylative Entner-Doudoroff pathway, gluconate =>	KEGG modules	KEGG	30	1	923	5	0.15259661611858	0.20276536662331	C00022	C00022
M00089	Creatine pathway	KEGG modules	KEGG	30	1	923	5	0.15259661611858	0.20276536662331	C00062	C00062
M00301	C4-dicarboxylic acid cycle, NADP+ -malic enzyme type	KEGG modules	KEGG	30	1	923	5	0.15259661611858	0.20276536662331	C00022	C00022
M00257	Inositol phosphate metabolism, Ins(1,3,4,5)P4 => Ins(1,3,4)P3 =>	KEGG modules	KEGG	30	1	923	5	0.15259661611858	0.20276536662331	C00137	C00137
M00075	Catecholamine biosynthesis, tyrosine => dopamine => noradrenaline =>	KEGG modules	KEGG	30	1	923	5	0.15259661611858	0.20276536662331	C00082	C00082
M00010	Citrate cycle, first carbon oxidation	KEGG modules	KEGG	30	1	923	5	0.15259661611858	0.20276536662331	C00158	C00158
M00230	Steroid hormone biosynthesis, cholesterol => prognenolone =>	KEGG modules	KEGG	30	1	923	6	0.18028953716061	0.22136816588075	C00187	C00187
M00051	Ectoine biosynthesis	KEGG modules	KEGG	30	1	923	6	0.18028953716061	0.22136816588075	C00049	C00049
M00240	NAD biosynthesis, aspartate => NAD	KEGG modules	KEGG	30	1	923	6	0.18028953716061	0.22136816588075	C00049	C00049
M00034	Tryptophan biosynthesis, chorismate => tryptophan	KEGG modules	KEGG	30	1	923	6	0.18028953716061	0.22136816588075	C00078	C00078
M00041	Ornithine biosynthesis, glutamate => ornithine	KEGG modules	KEGG	30	1	923	6	0.18028953716061	0.22136816588075	C00025	C00025
M00189	Ceramide biosynthesis	KEGG modules	KEGG	30	1	923	6	0.18028953716061	0.22136816588075	C00065	C00065
M00008	Entner-Doudoroff pathway, glucose-6P => glyceraldehyde-3P + pyruvate	KEGG modules	KEGG	30	1	923	7	0.20710667334934	0.24204032909501	C00022	C00022
M00002	Glycolysis, core module involving three-carbon compounds	KEGG modules	KEGG	30	1	923	7	0.20710667334934	0.24204032909501	C00022	C00022
M00066	Tryptophan metabolism, tryptophan => serotonin =>	KEGG modules	KEGG	30	1	923	7	0.20710667334934	0.24204032909501	C00078	C00078
M00012	Glyoxylate cycle	KEGG modules	KEGG	30	1	923	7	0.20710667334934	0.24204032909501	C00158	C00158
M00068	Tryptophan metabolism, kynurenine => 2-aminomuconate	KEGG modules	KEGG	30	1	923	8	0.2330747954011	0.2659794723989	C00078	C00078
M00093	Uridine monophosphate biosynthesis, glutamine (+ PRPP) => UMP	KEGG modules	KEGG	30	1	923	8	0.2330747954011	0.2659794723989	C00064	C00064
M00074	Tyrosine metabolism, tyrosine => L-DOPA => dopaquinone => melanin	KEGG modules	KEGG	30	1	923	10	0.28256715265196	0.30796644727236	C00082	C00082
M00192	C5 isoprenoid biosynthesis, non-mevalonate pathway	KEGG modules	KEGG	30	1	923	10	0.28256715265196	0.30796644727236	C00022	C00022
M00058	Leucine degradation, leucine => acetoacetate + acetyl-CoA	KEGG modules	KEGG	30	1	923	10	0.28256715265196	0.30796644727236	C00123	C00123
M00059	Isoleucine degradation, isoleucine => propionyl-CoA	KEGG modules	KEGG	30	1	923	10	0.28256715265196	0.30796644727236	C00407	C00407
M00054	Methionine salvage pathway	KEGG modules	KEGG	30	1	923	11	0.30614106877511	0.32277917033897	C00073	C00073
M00037	Histidine biosynthesis, PRPP => histidine	KEGG modules	KEGG	30	1	923	11	0.30614106877511	0.32277917033897	C00135	C00135
M00001	Glycolysis (Embden-Meyerhof pathway), glucose => pyruvate	KEGG modules	KEGG	30	1	923	11	0.30614106877511	0.32277917033897	C00022	C00022
M00090	Inosine monophosphate biosynthesis, PRPP + glutamine => IMP	KEGG modules	KEGG	30	1	923	13	0.35106311307572	0.36616260181016	C00064	C00064
M00246	Heme biosynthesis, glutamate => protoheme/siroheme	KEGG modules	KEGG	30	1	923	14	0.3724566368204	0.38029782917452	C00025	C00025
M00224	Choresterol biosynthesis	KEGG modules	KEGG	30	1	923	14	0.3724566368204	0.38029782917452	C00187	C00187
M00228	Bile acid biosynthesis, cholesterol => chenodeoxycholate	KEGG modules	KEGG	30	1	923	15	0.39316763890585	0.39726313514445	C00187	C00187
M00227	Bile acid biosynthesis, cholesterol => cholate	KEGG modules	KEGG	30	1	923	16	0.41321716625504	0.41321716625504	C00187	C00187
