ID Annotation	Annotation	Category	Database	N	n	M	m	p-value	FDR correction	Submitted IDs	Matching IDs
mmu00250	Alanine, aspartate and glutamate metabolism	Pathways (Mus musculus (mouse))	KEGG	17	6	3584	24	5.4187020312514E-10	2.6551639953132E-8	C00025|C00026|C00041|C00042|C00122|C00152	C00025|C00026|C00041|C00042|C00122|C00152
mmu02010	ABC transporters	Pathways (Mus musculus (mouse))	KEGG	17	8	3584	90	2.336989838661E-9	5.7256251047194E-8	C00025|C00041|C00065|C00134|C00148|C00188|C00245|C00315	C00025|C00041|C00065|C00134|C00148|C00188|C00245|C00315
mmu00970	Aminoacyl-tRNA biosynthesis	Pathways (Mus musculus (mouse))	KEGG	17	6	3584	75	7.0780604206206E-7	1.1560832020347E-5	C00025|C00041|C00065|C00148|C00152|C00188	C00025|C00041|C00065|C00148|C00152|C00188
mmu00020	Citrate cycle (TCA cycle)	Pathways (Mus musculus (mouse))	KEGG	17	4	3584	20	1.6036325841796E-6	1.96444991562E-5	C00026|C00042|C00122|C00158	C00026|C00042|C00122|C00158
mmu01100	Metabolic pathways	Pathways (Mus musculus (mouse))	KEGG	17	16	3584	1455	5.4659855273776E-6	5.35666581683E-5	C00025|C00026|C00041|C00042|C00065|C00122|C00134|C00148|C00152|C00158|C00187|C00188|C00245|C00263|C00315|C00956	C00025|C00026|C00041|C00042|C00065|C00122|C00134|C00148|C00152|C00158|C00187|C00188|C00245|C00263|C00315|C00956
mmu00650	Butanoate metabolism	Pathways (Mus musculus (mouse))	KEGG	17	4	3584	40	2.8534444560663E-5	0.00019974111192464	C00025|C00026|C00042|C00122	C00025|C00026|C00042|C00122
mmu00330	Arginine and proline metabolism	Pathways (Mus musculus (mouse))	KEGG	17	5	3584	82	2.76631680944E-5	0.00019974111192464	C00025|C00122|C00134|C00148|C00315	C00025|C00122|C00134|C00148|C00315
mmu01110	Biosynthesis of secondary metabolites	Pathways (Mus musculus (mouse))	KEGG	17	13	3584	1023	5.5799949873992E-5	0.0003417746929782	C00025|C00026|C00042|C00065|C00122|C00134|C00148|C00152|C00158|C00187|C00188|C00263|C00956	C00025|C00026|C00042|C00065|C00122|C00134|C00148|C00152|C00158|C00187|C00188|C00263|C00956
mmu00270	Cysteine and methionine metabolism	Pathways (Mus musculus (mouse))	KEGG	17	4	3584	56	0.00010943807200859	0.00059582950315786	C00041|C00065|C00263|C02989	C00041|C00065|C00263|C02989
mmu00300	Lysine biosynthesis	Pathways (Mus musculus (mouse))	KEGG	17	3	3584	32	0.0004040222406464	0.0019797089791674	C00026|C00263|C00956	C00026|C00263|C00956
mmu00480	Glutathione metabolism	Pathways (Mus musculus (mouse))	KEGG	17	3	3584	38	0.00067515395497085	0.0030075039812338	C00025|C00134|C00315	C00025|C00134|C00315
mmu00630	Glyoxylate and dicarboxylate metabolism	Pathways (Mus musculus (mouse))	KEGG	17	3	3584	44	0.0010414231006317	0.0042524776609127	C00026|C00042|C00158	C00026|C00042|C00158
mmu00260	Glycine, serine and threonine metabolism	Pathways (Mus musculus (mouse))	KEGG	17	3	3584	49	0.0014276097764484	0.0049966342175695	C00065|C00188|C00263	C00065|C00188|C00263
mmu00471	D-Glutamine and D-glutamate metabolism	Pathways (Mus musculus (mouse))	KEGG	17	2	3584	12	0.0013594539070722	0.0049966342175695	C00025|C00026	C00025|C00026
mmu00190	Oxidative phosphorylation	Pathways (Mus musculus (mouse))	KEGG	17	2	3584	16	0.0024442931022309	0.007984690800621	C00042|C00122	C00042|C00122
mmu04964	Proximal tubule bicarbonate reclamation	Pathways (Mus musculus (mouse))	KEGG	17	2	3584	17	0.002762480749157	0.0084600972942932	C00025|C00026	C00025|C00026
mmu00920	Sulfur metabolism	Pathways (Mus musculus (mouse))	KEGG	17	2	3584	18	0.0030991334487426	0.0089327964110817	C00065|C00263	C00065|C00263
mmu05200	Pathways in cancer	Pathways (Mus musculus (mouse))	KEGG	17	2	3584	20	0.0038271895836272	0.0098701205051438	C00122|C00187	C00122|C00187
mmu00430	Taurine and hypotaurine metabolism	Pathways (Mus musculus (mouse))	KEGG	17	2	3584	20	0.0038271895836272	0.0098701205051438	C00041|C00245	C00041|C00245
mmu05217	Basal cell carcinoma	Pathways (Mus musculus (mouse))	KEGG	17	1	3584	1	0.0047433035713855	0.011067708333233	C00187	C00187
mmu04340	Hedgehog signaling pathway	Pathways (Mus musculus (mouse))	KEGG	17	1	3584	1	0.0047433035713855	0.011067708333233	C00187	C00187
mmu00910	Nitrogen metabolism	Pathways (Mus musculus (mouse))	KEGG	17	2	3584	26	0.0064379362877234	0.014339039913566	C00025|C00152	C00025|C00152
mmu05016	Huntington's disease	Pathways (Mus musculus (mouse))	KEGG	17	1	3584	3	0.014166455296355	0.028923179563392	C00025	C00025
mmu05211	Renal cell carcinoma	Pathways (Mus musculus (mouse))	KEGG	17	1	3584	3	0.014166455296355	0.028923179563392	C00122	C00122
mmu00460	Cyanoamino acid metabolism	Pathways (Mus musculus (mouse))	KEGG	17	2	3584	41	0.0155793293003	0.030535485428589	C00065|C00152	C00065|C00152
mmu00340	Histidine metabolism	Pathways (Mus musculus (mouse))	KEGG	17	2	3584	44	0.017824013182086	0.033591409458546	C00025|C00026	C00025|C00026
mmu00360	Phenylalanine metabolism	Pathways (Mus musculus (mouse))	KEGG	17	2	3584	46	0.01939286527374	0.035194459200491	C00042|C00122	C00042|C00122
mmu00120	Primary bile acid biosynthesis	Pathways (Mus musculus (mouse))	KEGG	17	2	3584	47	0.020198599279397	0.035347548738945	C00187|C00245	C00187|C00245
mmu04720	Long-term potentiation	Pathways (Mus musculus (mouse))	KEGG	17	1	3584	7	0.032761408542286	0.055355483399036	C00025	C00025
mmu04730	Long-term depression	Pathways (Mus musculus (mouse))	KEGG	17	1	3584	9	0.041934609937329	0.06849319623097	C00025	C00025
mmu05014	Amyotrophic lateral sclerosis (ALS)	Pathways (Mus musculus (mouse))	KEGG	17	1	3584	10	0.046490445358126	0.073484897501555	C00025	C00025
mmu00350	Tyrosine metabolism	Pathways (Mus musculus (mouse))	KEGG	17	2	3584	76	0.049141892965266	0.075248523603064	C00042|C00122	C00042|C00122
mmu04540	Gap junction	Pathways (Mus musculus (mouse))	KEGG	17	1	3584	11	0.051025885321637	0.075765708507885	C00025	C00025
mmu04742	Taste transduction	Pathways (Mus musculus (mouse))	KEGG	17	1	3584	13	0.060035921031847	0.086522356781192	C00025	C00025
mmu00600	Sphingolipid metabolism	Pathways (Mus musculus (mouse))	KEGG	17	1	3584	25	0.11242786527202	0.15739901138083	C00065	C00065
mmu04080	Neuroactive ligand-receptor interaction	Pathways (Mus musculus (mouse))	KEGG	17	2	3584	128	0.12147559175806	0.16087308097689	C00025|C00245	C00025|C00245
mmu00860	Porphyrin and chlorophyll metabolism	Pathways (Mus musculus (mouse))	KEGG	17	2	3584	126	0.11834033554806	0.16087308097689	C00025|C00188	C00025|C00188
mmu00290	Valine, leucine and isoleucine biosynthesis	Pathways (Mus musculus (mouse))	KEGG	17	1	3584	28	0.12508954190907	0.16129967246169	C00188	C00188
mmu00524	Butirosin and neomycin biosynthesis	Pathways (Mus musculus (mouse))	KEGG	17	1	3584	29	0.12927218470622	0.16241889873346	C00025	C00025
mmu00450	Selenoamino acid metabolism	Pathways (Mus musculus (mouse))	KEGG	17	1	3584	30	0.13343600267023	0.16345910327103	C00041	C00041
mmu00410	beta-Alanine metabolism	Pathways (Mus musculus (mouse))	KEGG	17	1	3584	31	0.13758107525239	0.16442616310652	C00315	C00315
mmu00750	Vitamin B6 metabolism	Pathways (Mus musculus (mouse))	KEGG	17	1	3584	32	0.14170748158975	0.16532539518805	C00026	C00026
mmu00680	Methane metabolism	Pathways (Mus musculus (mouse))	KEGG	17	1	3584	34	0.14990461053463	0.17082153293481	C00065	C00065
mmu00640	Propanoate metabolism	Pathways (Mus musculus (mouse))	KEGG	17	1	3584	36	0.15802801640079	0.17598574553725	C00042	C00042
mmu00760	Nicotinate and nicotinamide metabolism	Pathways (Mus musculus (mouse))	KEGG	17	1	3584	44	0.18979677491781	0.20666759935495	C00122	C00122
mmu00310	Lysine degradation	Pathways (Mus musculus (mouse))	KEGG	17	1	3584	47	0.2014164972354	0.20998741201137	C00956	C00956
mmu00053	Ascorbate and aldarate metabolism	Pathways (Mus musculus (mouse))	KEGG	17	1	3584	47	0.2014164972354	0.20998741201137	C00026	C00026
mmu00100	Steroid biosynthesis	Pathways (Mus musculus (mouse))	KEGG	17	1	3584	51	0.2166656187522	0.22117948580953	C00187	C00187
mmu00140	Steroid hormone biosynthesis	Pathways (Mus musculus (mouse))	KEGG	17	1	3584	99	0.37952874082414	0.37952874082414	C00187	C00187
