ID Annotation	Annotation	Category	Database	N	n	M	m	p-value	FDR correction	Submitted IDs	Matching IDs
M00009	Citrate cycle (TCA cycle, Krebs cycle)	KEGG modules	KEGG	16	4	923	12	2.7565371794866E-5	0.00070291698076908	C00158|C00026|C00042|C00122	C00158|C00026|C00042|C00122
M00302	Reductive carboxylate cycle	KEGG modules	KEGG	16	4	923	12	2.7565371794866E-5	0.00070291698076908	C00122|C00042|C00026|C00158	C00122|C00042|C00026|C00158
M00011	Citrate cycle, second carbon oxidation	KEGG modules	KEGG	16	3	923	9	0.0003377948924319	0.0034455079028054	C00026|C00042|C00122	C00026|C00042|C00122
M00017	Glutamate biosynthesis, oxoglutarate => glutamate (glutamate	KEGG modules	KEGG	16	2	923	2	0.00028201916320244	0.0034455079028054	C00026|C00025	C00026|C00025
M00019	Glutamate biosynthesis, oxoglutarete => glutamate (glutamate	KEGG modules	KEGG	16	2	923	2	0.00028201916320244	0.0034455079028054	C00026|C00025	C00026|C00025
M00040	GABA (gamma-Aminobutyrate) shunt	KEGG modules	KEGG	16	2	923	4	0.001658001218048	0.014093010353408	C00025|C00042	C00025|C00042
M00020	Proline biosynthesis, glutamate => proline	KEGG modules	KEGG	16	2	923	5	0.0027353583872142	0.017437909718491	C00025|C00148	C00025|C00148
M00010	Citrate cycle, first carbon oxidation	KEGG modules	KEGG	16	2	923	5	0.0027353583872142	0.017437909718491	C00158|C00026	C00158|C00026
M00260	Polyamine biosynthesis, arginine => putrescine => spermidine	KEGG modules	KEGG	16	2	923	6	0.0040615169941401	0.020713736670114	C00134|C00315	C00134|C00315
M00025	Threonine biosynthesis, apartate => homoserine => threonine	KEGG modules	KEGG	16	2	923	6	0.0040615169941401	0.020713736670114	C00263|C00188	C00263|C00188
M00048	Lysine biosynthesis, 2-oxoglutarate => 2-aminoadipate => lysine	KEGG modules	KEGG	16	2	923	12	0.016814506047705	0.077958164402995	C00026|C00956	C00026|C00956
M00022	Asparagine biosynthesis, aspartate => asparagine	KEGG modules	KEGG	16	1	923	2	0.034387536633166	0.079716562195066	C00152	C00152
M00060	Serine biosynthesis, hydroxypyruvate => serine	KEGG modules	KEGG	16	1	923	2	0.034387536633166	0.079716562195066	C00065	C00065
M00047	Lysine biosynthesis, 2-oxoglutarate => 2-aminoadipate => lysine	KEGG modules	KEGG	16	2	923	13	0.019671311576744	0.079716562195066	C00026|C00956	C00026|C00956
M00046	Asparagine degradation, asparagine => aspartate +NH3	KEGG modules	KEGG	16	1	923	2	0.034387536633166	0.079716562195066	C00152	C00152
M00044	Aspartate degradation, aspartate => fumarate	KEGG modules	KEGG	16	1	923	2	0.034387536633166	0.079716562195066	C00122	C00122
M00018	Glutamine biosynthesis, glutamate => glutamine	KEGG modules	KEGG	16	1	923	2	0.034387536633166	0.079716562195066	C00025	C00025
M00261	Polyamine biosynthesis, ornithine => putrescine	KEGG modules	KEGG	16	1	923	2	0.034387536633166	0.079716562195066	C00134	C00134
M00057	Threonine biosynthesis, glycine => threonine	KEGG modules	KEGG	16	1	923	2	0.034387536633166	0.079716562195066	C00188	C00188
M00026	Alanine biosynthesis, pyruvate => alanine	KEGG modules	KEGG	16	1	923	2	0.034387536633166	0.079716562195066	C00041	C00041
M00038	Glutamine degradation, glutamine => glutamate + NH3	KEGG modules	KEGG	16	1	923	2	0.034387536633166	0.079716562195066	C00025	C00025
M00031	Glycine biosynthesis, serine => glycine	KEGG modules	KEGG	16	1	923	2	0.034387536633166	0.079716562195066	C00065	C00065
M00082	Selenocysteine metabolism	KEGG modules	KEGG	16	1	923	3	0.051162563141148	0.086976357339952	C00041	C00041
M00081	Cyanoalanine biosynthesis, cysteine => 3-cyanoalanine => asparagine	KEGG modules	KEGG	16	1	923	3	0.051162563141148	0.086976357339952	C00152	C00152
M00087	Taurine biosynthesis, cysteine => cysteate => taurine	KEGG modules	KEGG	16	1	923	3	0.051162563141148	0.086976357339952	C00245	C00245
M00088	Isethionate biosynthesis, taurine <=> isethionate	KEGG modules	KEGG	16	1	923	3	0.051162563141148	0.086976357339952	C00245	C00245
M00243	Glutathione biosynthesis, glutamate => glutathione	KEGG modules	KEGG	16	1	923	3	0.051162563141148	0.086976357339952	C00025	C00025
M00052	Methionine biosynthesis, intermediates, homoserine =>	KEGG modules	KEGG	16	1	923	3	0.051162563141148	0.086976357339952	C00263	C00263
M00032	Cysteine biosynthesis, serine => cysteine	KEGG modules	KEGG	16	1	923	3	0.051162563141148	0.086976357339952	C00065	C00065
M00053	Methionine biosynthesis, intermediates, homoserine =>	KEGG modules	KEGG	16	1	923	3	0.051162563141148	0.086976357339952	C00263	C00263
M00086	Taurine biosynthesis, cysteine => hypotaurine => taurine	KEGG modules	KEGG	16	1	923	4	0.067664083782373	0.10783963352816	C00245	C00245
M00030	Serine biosynthesis, glycerate-3P => serine	KEGG modules	KEGG	16	1	923	4	0.067664083782373	0.10783963352816	C00065	C00065
M00263	Ptrescine metabolism, gamma-glutamylation, putrescine =>	KEGG modules	KEGG	16	1	923	5	0.083896265131045	0.12224884347667	C00134	C00134
M00262	Ptrescine metabolism, N-acetylation, putrescine => 4-aminobutanoate	KEGG modules	KEGG	16	1	923	5	0.083896265131045	0.12224884347667	C00134	C00134
M00079	Histidine degradation, histidine => N-formiminoglutamate =>	KEGG modules	KEGG	16	1	923	5	0.083896265131045	0.12224884347667	C00025	C00025
M00055	Methionine degradation	KEGG modules	KEGG	16	1	923	6	0.099863214758336	0.12732559881688	C00065	C00065
M00300	C4-dicarboxylic acid cycle, NAD+ -malic enzyme type	KEGG modules	KEGG	16	1	923	6	0.099863214758336	0.12732559881688	C00041	C00041
M00041	Ornithine biosynthesis, glutamate => ornithine	KEGG modules	KEGG	16	1	923	6	0.099863214758336	0.12732559881688	C00025	C00025
M00189	Ceramide biosynthesis	KEGG modules	KEGG	16	1	923	6	0.099863214758336	0.12732559881688	C00065	C00065
M00230	Steroid hormone biosynthesis, cholesterol => prognenolone =>	KEGG modules	KEGG	16	1	923	6	0.099863214758336	0.12732559881688	C00187	C00187
M00012	Glyoxylate cycle	KEGG modules	KEGG	16	1	923	7	0.11556898200352	0.14375653858974	C00158	C00158
M00024	Methionine biosynthesis, apartate => homoserine => methionine	KEGG modules	KEGG	16	1	923	8	0.13101755873712	0.15909274989508	C00263	C00263
M00042	Urea cycle	KEGG modules	KEGG	16	1	923	9	0.14621288011446	0.16947402013267	C00122	C00122
M00029	Isoleucine biosynthesis, pyruvate => isoleucine	KEGG modules	KEGG	16	1	923	9	0.14621288011446	0.16947402013267	C00188	C00188
M00050	Lysine degradation, lysine => saccharopine => acetoacetyl-CoA	KEGG modules	KEGG	16	1	923	10	0.16115882532055	0.18264666869662	C00956	C00956
M00078	Tyrosine degradation, tyrosine => homogentisate	KEGG modules	KEGG	16	1	923	12	0.19031782850999	0.21100454900021	C00122	C00122
M00049	Lysine degradation, lysine => 6-amino-2-oxohexanoate =>	KEGG modules	KEGG	16	1	923	13	0.20453837158785	0.22194589257405	C00956	C00956
M00246	Heme biosynthesis, glutamate => protoheme/siroheme	KEGG modules	KEGG	16	1	923	14	0.21852451010937	0.22744387786894	C00025	C00025
M00224	Choresterol biosynthesis	KEGG modules	KEGG	16	1	923	14	0.21852451010937	0.22744387786894	C00187	C00187
M00228	Bile acid biosynthesis, cholesterol => chenodeoxycholate	KEGG modules	KEGG	16	1	923	15	0.23227985426611	0.23692545135144	C00187	C00187
M00227	Bile acid biosynthesis, cholesterol => cholate	KEGG modules	KEGG	16	1	923	16	0.24580796256113	0.24580796256113	C00187	C00187
