<?xml version="1.0"?>
<!DOCTYPE pathway SYSTEM "https://www.kegg.jp/kegg/xml/KGML_v0.7.2_.dtd">
<!-- Creation date: Mar 31, 2021 09:17:31 +0900 (GMT+9) -->
<pathway name="path:mmu04662" org="mmu" number="04662"
         title="B cell receptor signaling pathway"
         image="https://www.kegg.jp/kegg/pathway/mmu/mmu04662.png"
         link="https://www.kegg.jp/kegg-bin/show_pathway?mmu04662">
    <entry id="5" name="cpd:C05981" type="compound"
        link="https://www.kegg.jp/dbget-bin/www_bget?C05981">
        <graphics name="C05981" fgcolor="#000000" bgcolor="#FFFFFF"
             type="circle" x="402" y="619" width="8" height="8"/>
    </entry>
    <entry id="6" name="cpd:C00165" type="compound"
        link="https://www.kegg.jp/dbget-bin/www_bget?C00165">
        <graphics name="C00165" fgcolor="#000000" bgcolor="#FFFFFF"
             type="circle" x="432" y="483" width="8" height="8"/>
    </entry>
    <entry id="7" name="cpd:C00076" type="compound"
        link="https://www.kegg.jp/dbget-bin/www_bget?C00076">
        <graphics name="C00076" fgcolor="#000000" bgcolor="#FFFFFF"
             type="circle" x="589" y="378" width="8" height="8"/>
    </entry>
    <entry id="8" name="cpd:C01245" type="compound"
        link="https://www.kegg.jp/dbget-bin/www_bget?C01245">
        <graphics name="C01245" fgcolor="#000000" bgcolor="#FFFFFF"
             type="circle" x="509" y="378" width="8" height="8"/>
    </entry>
    <entry id="9" name="mmu:18035 mmu:18036 mmu:18037" type="gene"
        link="https://www.kegg.jp/dbget-bin/www_bget?mmu:18035+mmu:18036+mmu:18037">
        <graphics name="Nfkbia, AI462015, Nfk, Nfkbi..." fgcolor="#000000" bgcolor="#BFFFBF"
             type="rectangle" x="787" y="599" width="46" height="17"/>
    </entry>
    <entry id="10" name="mmu:18033 mmu:19697" type="gene"
        link="https://www.kegg.jp/dbget-bin/www_bget?mmu:18033+mmu:19697">
        <graphics name="Nfkb1, NF-KB1, NF-k, NF-kappaB, NF-kappaB1, p105, p5, p50, p50/p1, p50/p105..." fgcolor="#000000" bgcolor="#BFFFBF"
             type="rectangle" x="787" y="569" width="46" height="17"/>
    </entry>
    <entry id="11" name="mmu:16150" type="gene"
        link="https://www.kegg.jp/dbget-bin/www_bget?mmu:16150">
        <graphics name="Ikbkb, AI132552, IKK, IKK-, IKK-2, IKK-be, IKK-beta, IKK2, IKK[b, IKK[b], IKKbe, IKKbeta" fgcolor="#000000" bgcolor="#BFFFBF"
             type="rectangle" x="650" y="599" width="46" height="17"/>
    </entry>
    <entry id="12" name="mmu:16151" type="gene"
        link="https://www.kegg.jp/dbget-bin/www_bget?mmu:16151">
        <graphics name="Ikbkg, 1110037D23Rik, AI848108, AI851264, AW124339, IKK[g, IKK[g], NE, NEMO" fgcolor="#000000" bgcolor="#BFFFBF"
             type="rectangle" x="650" y="582" width="46" height="17"/>
    </entry>
    <entry id="13" name="mmu:12675" type="gene"
        link="https://www.kegg.jp/dbget-bin/www_bget?mmu:12675">
        <graphics name="Chuk, AI256658, Chuk1, Fbx24, Fbxo24, IKBKA, IKK, IKK_alpha, IKK-, IKK1, IKK[, Ikka, NFKBIKA" fgcolor="#000000" bgcolor="#BFFFBF"
             type="rectangle" x="650" y="565" width="46" height="17"/>
    </entry>
    <entry id="14" name="mmu:56637" type="gene"
        link="https://www.kegg.jp/dbget-bin/www_bget?mmu:56637">
        <graphics name="Gsk3b, 7330414F15Rik, 8430431H08Rik, C86142, GSK, GSK-, GSK-3, GSK-3be, GSK-3beta, GSK3" fgcolor="#000000" bgcolor="#BFFFBF"
             type="rectangle" x="566" y="660" width="46" height="16"/>
    </entry>
    <entry id="15" name="mmu:240354" type="gene"
        link="https://www.kegg.jp/dbget-bin/www_bget?mmu:240354">
        <graphics name="Malt1, A630046N12, D430033E09Rik, Pc, Pcasp1, pa" fgcolor="#000000" bgcolor="#BFFFBF"
             type="rectangle" x="553" y="571" width="46" height="17"/>
    </entry>
    <entry id="16" name="mmu:12042" type="gene"
        link="https://www.kegg.jp/dbget-bin/www_bget?mmu:12042">
        <graphics name="Bcl10, AI132454, BCL-1, BCL-10, C81403, CARMEN, CIPER, CLAP, ME10, cE10" fgcolor="#000000" bgcolor="#BFFFBF"
             type="rectangle" x="553" y="554" width="46" height="17"/>
    </entry>
    <entry id="17" name="mmu:108723" type="gene"
        link="https://www.kegg.jp/dbget-bin/www_bget?mmu:108723">
        <graphics name="Card11, 0610008L17Rik, 2410011D02Rik, BIM, BIMP3, CAR, CARMA1" fgcolor="#000000" bgcolor="#BFFFBF"
             type="rectangle" x="553" y="537" width="46" height="17"/>
    </entry>
    <entry id="18" name="mmu:11651 mmu:11652 mmu:23797" type="gene"
        link="https://www.kegg.jp/dbget-bin/www_bget?mmu:11651+mmu:11652+mmu:23797">
        <graphics name="Akt1, Ak, Akt, LTR-akt, PK, PKB, PKB/A, PKB/Akt, PKBalpha, Rac..." fgcolor="#000000" bgcolor="#BFFFBF"
             type="rectangle" x="472" y="620" width="46" height="17"/>
    </entry>
    <entry id="19" name="mmu:18751" type="gene"
        link="https://www.kegg.jp/dbget-bin/www_bget?mmu:18751">
        <graphics name="Prkcb, PKC-B, PKC-Be, PKC-Beta, Pkc, Pkcb, Prkc, Prkcb1, Prkcb2" fgcolor="#000000" bgcolor="#BFFFBF"
             type="rectangle" x="438" y="537" width="46" height="17"/>
    </entry>
    <entry id="20" name="mmu:22324 mmu:22325 mmu:57257" type="gene"
        link="https://www.kegg.jp/dbget-bin/www_bget?mmu:22324+mmu:22325+mmu:57257">
        <graphics name="Vav1, Vav, vav-T..." fgcolor="#000000" bgcolor="#BFFFBF"
             type="rectangle" x="255" y="648" width="46" height="17"/>
    </entry>
    <entry id="21" name="mmu:18706 mmu:18707 mmu:18708 mmu:18709 mmu:18710 mmu:74769" type="gene"
        link="https://www.kegg.jp/dbget-bin/www_bget?mmu:18706+mmu:18707+mmu:18708+mmu:18709+mmu:18710+mmu:74769">
        <graphics name="Pik3ca, 6330412C24Rik, caP, caPI3K, p110, p110alpha..." fgcolor="#000000" bgcolor="#BFFFBF"
             type="rectangle" x="330" y="619" width="46" height="17"/>
    </entry>
    <entry id="22" name="mmu:12902" type="gene"
        link="https://www.kegg.jp/dbget-bin/www_bget?mmu:12902">
        <graphics name="Cr2, C3D, C3DR, CD21, CD35, Cr, Cr-, Cr-1, Cr-2, Cr1" fgcolor="#000000" bgcolor="#BFFFBF"
             type="rectangle" x="161" y="637" width="46" height="17"/>
    </entry>
    <entry id="23" name="mmu:12478" type="gene"
        link="https://www.kegg.jp/dbget-bin/www_bget?mmu:12478">
        <graphics name="Cd19, AW495831" fgcolor="#000000" bgcolor="#BFFFBF"
             type="rectangle" x="161" y="617" width="46" height="17"/>
    </entry>
    <entry id="24" name="mmu:12520" type="gene"
        link="https://www.kegg.jp/dbget-bin/www_bget?mmu:12520">
        <graphics name="Cd81, Ta, Tap, Tapa-1, Tapa1, Tsp, Tspan28" fgcolor="#000000" bgcolor="#BFFFBF"
             type="rectangle" x="161" y="597" width="46" height="17"/>
    </entry>
    <entry id="25" name="mmu:68713" type="gene"
        link="https://www.kegg.jp/dbget-bin/www_bget?mmu:68713">
        <graphics name="Ifitm1, 1110036C17Rik, DSPA2a, Mi, Mil-2, Mil2, fra" fgcolor="#000000" bgcolor="#BFFFBF"
             type="rectangle" x="161" y="577" width="46" height="17"/>
    </entry>
    <entry id="26" name="mmu:16331 mmu:16332" type="gene"
        link="https://www.kegg.jp/dbget-bin/www_bget?mmu:16331+mmu:16332">
        <graphics name="Inpp5d, S, SH, SHI, SHIP, SHIP-1, SHIP1, SIP-145, p150Ship, s-, s-SHIP..." fgcolor="#000000" bgcolor="#BFFFBF"
             type="rectangle" x="277" y="522" width="46" height="17"/>
    </entry>
    <entry id="27" name="mmu:14130" type="gene"
        link="https://www.kegg.jp/dbget-bin/www_bget?mmu:14130">
        <graphics name="Fcgr2b, AI528646, CD32, F630109E10Rik, Fc[g], Fc[g]RII, Fcg, FcgRII, Fcgamm, Fcgr, Fcgr2, Fcgr2a, Fcr-, Fcr-2, Fcr-3, Ly-1, Ly-17, Ly-m2, Ly-m20, LyM-, LyM-1, fcRII" fgcolor="#000000" bgcolor="#BFFFBF"
             type="rectangle" x="161" y="522" width="46" height="17"/>
    </entry>
    <entry id="28" name="mmu:14281 mmu:16476" type="gene"
        link="https://www.kegg.jp/dbget-bin/www_bget?mmu:14281+mmu:16476">
        <graphics name="Fos, D12Rfj, D12Rfj1, c-f, c-fos, cF, cFos..." fgcolor="#000000" bgcolor="#BFFFBF"
             type="rectangle" x="902" y="475" width="46" height="17"/>
    </entry>
    <entry id="29" name="mmu:15461 mmu:16653 mmu:18176" type="gene"
        link="https://www.kegg.jp/dbget-bin/www_bget?mmu:15461+mmu:16653+mmu:18176">
        <graphics name="Hras, H-, H-ras, Ha, Ha-ras, Harv, Harvey-ras, Hr, Hra, Hras-1, Hras1, Kras2, c-H-, c-H-ras, c-Ha-ras, c-r, c-rasHa, ras..." fgcolor="#000000" bgcolor="#BFFFBF"
             type="rectangle" x="565" y="475" width="46" height="17"/>
    </entry>
    <entry id="30" name="mmu:240168" type="gene"
        link="https://www.kegg.jp/dbget-bin/www_bget?mmu:240168">
        <graphics name="Rasgrp3, BC066069, Gm327" fgcolor="#000000" bgcolor="#BFFFBF"
             type="rectangle" x="491" y="475" width="46" height="17"/>
    </entry>
    <entry id="31" name="mmu:18018 mmu:18019 mmu:18021" type="gene"
        link="https://www.kegg.jp/dbget-bin/www_bget?mmu:18018+mmu:18019+mmu:18021">
        <graphics name="Nfatc1, 2210017P03Rik, AI449492, AV076380, NF-A, NF-ATc, NFA, NFAT2, NFATc, Nfatcb..." fgcolor="#000000" bgcolor="#BFFFBF"
             type="rectangle" x="787" y="378" width="46" height="17"/>
    </entry>
    <entry id="32" name="mmu:19055 mmu:19056 mmu:19057 mmu:19058 mmu:19059" type="gene"
        link="https://www.kegg.jp/dbget-bin/www_bget?mmu:19055+mmu:19056+mmu:19057+mmu:19058+mmu:19059">
        <graphics name="Ppp3ca, 2900074D19Rik, C, CN, Caln, Calna, CnA..." fgcolor="#000000" bgcolor="#BFFFBF"
             type="rectangle" x="677" y="379" width="46" height="17"/>
    </entry>
    <entry id="33" name="mmu:170758 mmu:19353 mmu:19354" type="gene"
        link="https://www.kegg.jp/dbget-bin/www_bget?mmu:170758+mmu:19353+mmu:19354">
        <graphics name="Rac3, Rac, Rac1B..." fgcolor="#000000" bgcolor="#BFFFBF"
             type="rectangle" x="591" y="324" width="46" height="17"/>
    </entry>
    <entry id="34" name="mmu:22324 mmu:22325 mmu:57257" type="gene"
        link="https://www.kegg.jp/dbget-bin/www_bget?mmu:22324+mmu:22325+mmu:57257">
        <graphics name="Vav1, Vav, vav-T..." fgcolor="#000000" bgcolor="#BFFFBF"
             type="rectangle" x="469" y="324" width="46" height="17"/>
    </entry>
    <entry id="35" name="mmu:234779" type="gene"
        link="https://www.kegg.jp/dbget-bin/www_bget?mmu:234779">
        <graphics name="Plcg2, PLC-gamma-2, PLCga, PLCgamma2, Plcg, Plcg-2" fgcolor="#000000" bgcolor="#BFFFBF"
             type="rectangle" x="422" y="379" width="46" height="17"/>
    </entry>
    <entry id="36" name="mmu:17060" type="gene"
        link="https://www.kegg.jp/dbget-bin/www_bget?mmu:17060">
        <graphics name="Blnk, BA, BASH, BC, BL, Bca, Ly-5, Ly-57, Ly5, Ly57, Lyw-57, SLP, SLP-65" fgcolor="#000000" bgcolor="#BFFFBF"
             type="rectangle" x="343" y="325" width="46" height="17"/>
    </entry>
    <entry id="37" name="mmu:12229" type="gene"
        link="https://www.kegg.jp/dbget-bin/www_bget?mmu:12229">
        <graphics name="Btk, AI528679, xi, xid" fgcolor="#000000" bgcolor="#BFFFBF"
             type="rectangle" x="264" y="335" width="46" height="17"/>
    </entry>
    <entry id="38" name="mmu:17096" type="gene"
        link="https://www.kegg.jp/dbget-bin/www_bget?mmu:17096">
        <graphics name="Lyn, AA407514, Hck-2, p53Lyn, p56Lyn" fgcolor="#000000" bgcolor="#BFFFBF"
             type="rectangle" x="234" y="281" width="46" height="17"/>
    </entry>
    <entry id="39" name="mmu:15985" type="gene"
        link="https://www.kegg.jp/dbget-bin/www_bget?mmu:15985">
        <graphics name="Cd79b, B29, Ig, Ig-be, Ig-beta, Igb, Igbe, Igbeta" fgcolor="#000000" bgcolor="#BFFFBF"
             type="rectangle" x="161" y="296" width="46" height="17"/>
    </entry>
    <entry id="40" name="mmu:12518" type="gene"
        link="https://www.kegg.jp/dbget-bin/www_bget?mmu:12518">
        <graphics name="Cd79a, Cd79, I, Ig, Ig-, Ig-alpha, Iga, Igalpha, Ly-5, Ly-54, Ly5, Ly54, mb-1" fgcolor="#000000" bgcolor="#BFFFBF"
             type="rectangle" x="161" y="279" width="46" height="17"/>
    </entry>
    <entry id="41" name="ko:K06856" type="ortholog"
        link="https://www.kegg.jp/dbget-bin/www_bget?K06856">
        <graphics name="K06856" fgcolor="#000000" bgcolor="#FFFFFF"
             type="rectangle" x="161" y="259" width="46" height="17"/>
    </entry>
    <entry id="42" name="mmu:20963" type="gene"
        link="https://www.kegg.jp/dbget-bin/www_bget?mmu:20963">
        <graphics name="Syk, Sykb" fgcolor="#000000" bgcolor="#BFFFBF"
             type="rectangle" x="303" y="216" width="46" height="17"/>
    </entry>
    <entry id="43" name="mmu:15170" type="gene"
        link="https://www.kegg.jp/dbget-bin/www_bget?mmu:15170">
        <graphics name="Ptpn6, 70Z-SHP, Hcph, PTPTY-42, Ptp, Ptp1C, SH-PTP1, SHP, SHP-1, hc, hcp, me" fgcolor="#000000" bgcolor="#BFFFBF"
             type="rectangle" x="255" y="146" width="46" height="17"/>
    </entry>
    <entry id="44" name="mmu:12517" type="gene"
        link="https://www.kegg.jp/dbget-bin/www_bget?mmu:12517">
        <graphics name="Cd72, CD72c, Ly-1, Ly-19, Ly-3, Ly-32, Ly-m1, Ly-m19, Lyb-, Lyb-2" fgcolor="#000000" bgcolor="#BFFFBF"
             type="rectangle" x="162" y="169" width="46" height="17"/>
    </entry>
    <entry id="45" name="mmu:12483" type="gene"
        link="https://www.kegg.jp/dbget-bin/www_bget?mmu:12483">
        <graphics name="Cd22, A530093D23, Lyb, Lyb-, Lyb-8, Lyb8" fgcolor="#000000" bgcolor="#BFFFBF"
             type="rectangle" x="162" y="146" width="46" height="17"/>
    </entry>
    <entry id="46" name="mmu:100038909 mmu:100041146 mmu:14728 mmu:18722 mmu:18724 mmu:18725 mmu:18726 mmu:18727 mmu:18729 mmu:18730 mmu:18733 mmu:232801" type="gene"
        link="https://www.kegg.jp/dbget-bin/www_bget?mmu:100038909+mmu:100041146+mmu:14728+mmu:18722+mmu:18724+mmu:18725+mmu:18726+mmu:18727+mmu:18729+mmu:18730+mmu:18733+mmu:232801">
        <graphics name="Gm14548..." fgcolor="#000000" bgcolor="#BFFFBF"
             type="rectangle" x="162" y="123" width="46" height="17"/>
    </entry>
    <entry id="47" name="path:mmu04120" type="map"
        link="https://www.kegg.jp/dbget-bin/www_bget?mmu04120">
        <graphics name="Ubiquitin mediated proteolysis" fgcolor="#000000" bgcolor="#FFFFFF"
             type="roundrectangle" x="790" y="673" width="99" height="34"/>
    </entry>
    <entry id="48" name="path:mmu04610" type="map"
        link="https://www.kegg.jp/dbget-bin/www_bget?mmu04610">
        <graphics name="Complement and coagulation cascades" fgcolor="#000000" bgcolor="#FFFFFF"
             type="roundrectangle" x="68" y="686" width="115" height="34"/>
    </entry>
    <entry id="49" name="path:mmu04810" type="map"
        link="https://www.kegg.jp/dbget-bin/www_bget?mmu04810">
        <graphics name="Regulation of actin cytoskeleton" fgcolor="#000000" bgcolor="#FFFFFF"
             type="roundrectangle" x="732" y="324" width="101" height="34"/>
    </entry>
    <entry id="50" name="path:mmu04662" type="map"
        link="https://www.kegg.jp/dbget-bin/www_bget?mmu04662">
        <graphics name="TITLE:B cell receptor signaling pathway" fgcolor="#000000" bgcolor="#FFFFFF"
             type="roundrectangle" x="196" y="58" width="311" height="25"/>
    </entry>
    <entry id="109" name="mmu:26395 mmu:26396" type="gene"
        link="https://www.kegg.jp/dbget-bin/www_bget?mmu:26395+mmu:26396">
        <graphics name="Map2k1, MAPKK1, MEKK1, Mek1, Prkm, Prkmk1..." fgcolor="#000000" bgcolor="#BFFFBF"
             type="rectangle" x="713" y="475" width="46" height="17"/>
    </entry>
    <entry id="110" name="mmu:26413 mmu:26417" type="gene"
        link="https://www.kegg.jp/dbget-bin/www_bget?mmu:26413+mmu:26417">
        <graphics name="Mapk1, 9030612K14Rik, AA407128, AU018647, C78273, ERK, Erk2, MAP, MAPK2, PRKM2, Prk, Prkm1, p41mapk, p42m, p42mapk..." fgcolor="#000000" bgcolor="#BFFFBF"
             type="rectangle" x="787" y="475" width="46" height="17"/>
    </entry>
    <entry id="111" name="mmu:110157" type="gene"
        link="https://www.kegg.jp/dbget-bin/www_bget?mmu:110157">
        <graphics name="Raf1, 6430402F14Rik, AA990557, BB129353, Cra, Craf1, D830050J10Rik, Raf, Raf-1, c-R, c-Raf, cRaf, v-, v-Raf" fgcolor="#000000" bgcolor="#BFFFBF"
             type="rectangle" x="639" y="475" width="46" height="17"/>
    </entry>
    <entry id="118" name="mmu:20662 mmu:20663" type="gene"
        link="https://www.kegg.jp/dbget-bin/www_bget?mmu:20662+mmu:20663">
        <graphics name="Sos1, 4430401P03Rik, 9630010N06, AI449023..." fgcolor="#000000" bgcolor="#BFFFBF"
             type="rectangle" x="383" y="451" width="46" height="17"/>
    </entry>
    <entry id="119" name="mmu:14784" type="gene"
        link="https://www.kegg.jp/dbget-bin/www_bget?mmu:14784">
        <graphics name="Grb2, AA408164, Ash" fgcolor="#000000" bgcolor="#BFFFBF"
             type="rectangle" x="363" y="410" width="46" height="17"/>
    </entry>
    <entry id="123" name="mmu:83490" type="gene"
        link="https://www.kegg.jp/dbget-bin/www_bget?mmu:83490">
        <graphics name="Pik3ap1, 1810044J04Rik, BC, BCAP" fgcolor="#000000" bgcolor="#BFFFBF"
             type="rectangle" x="306" y="439" width="46" height="17"/>
    </entry>
    <entry id="127" name="mmu:26377" type="gene"
        link="https://www.kegg.jp/dbget-bin/www_bget?mmu:26377">
        <graphics name="Dapp1, Bam3, Bam32" fgcolor="#000000" bgcolor="#BFFFBF"
             type="rectangle" x="489" y="277" width="46" height="17"/>
    </entry>
    <entry id="131" name="path:mmu04020" type="map"
        link="https://www.kegg.jp/dbget-bin/www_bget?mmu04020">
        <graphics name="Calcium signaling pathway" fgcolor="#000000" bgcolor="#FFFFFF"
             type="roundrectangle" x="636" y="419" width="101" height="34"/>
    </entry>
    <entry id="132" name="path:mmu04010" type="map"
        link="https://www.kegg.jp/dbget-bin/www_bget?mmu04010">
        <graphics name="MAPK signaling pathway" fgcolor="#000000" bgcolor="#FFFFFF"
             type="roundrectangle" x="714" y="513" width="101" height="34"/>
    </entry>
    <entry id="138" name="path:mmu04064" type="map"
        link="https://www.kegg.jp/dbget-bin/www_bget?mmu04064">
        <graphics name="NF-kappa B signaling pathway" fgcolor="#000000" bgcolor="#FFFFFF"
             type="roundrectangle" x="673" y="634" width="101" height="34"/>
    </entry>
    <entry id="139" name="path:mmu04151" type="map"
        link="https://www.kegg.jp/dbget-bin/www_bget?mmu04151">
        <graphics name="PI3K-Akt signaling pathway" fgcolor="#000000" bgcolor="#FFFFFF"
             type="roundrectangle" x="398" y="668" width="101" height="34"/>
    </entry>
    <entry id="140" name="undefined" type="group">
        <graphics fgcolor="#000000" bgcolor="#FFFFFF"
             type="rectangle" x="650" y="582" width="46" height="51"/>
        <component id="11"/>
        <component id="12"/>
        <component id="13"/>
    </entry>
    <entry id="141" name="undefined" type="group">
        <graphics fgcolor="#000000" bgcolor="#FFFFFF"
             type="rectangle" x="553" y="554" width="46" height="51"/>
        <component id="15"/>
        <component id="16"/>
        <component id="17"/>
    </entry>
    <relation entry1="43" entry2="46" type="PPrel">
        <subtype name="binding/association" value="---"/>
    </relation>
    <relation entry1="43" entry2="45" type="PPrel">
        <subtype name="binding/association" value="---"/>
    </relation>
    <relation entry1="43" entry2="44" type="PPrel">
        <subtype name="binding/association" value="---"/>
    </relation>
    <relation entry1="34" entry2="36" type="PPrel">
        <subtype name="binding/association" value="---"/>
    </relation>
    <relation entry1="35" entry2="36" type="PPrel">
        <subtype name="binding/association" value="---"/>
    </relation>
    <relation entry1="36" entry2="37" type="PPrel">
        <subtype name="binding/association" value="---"/>
    </relation>
    <relation entry1="26" entry2="27" type="PPrel">
        <subtype name="binding/association" value="---"/>
    </relation>
    <relation entry1="38" entry2="40" type="PPrel">
        <subtype name="phosphorylation" value="+p"/>
    </relation>
    <relation entry1="38" entry2="39" type="PPrel">
        <subtype name="phosphorylation" value="+p"/>
    </relation>
    <relation entry1="38" entry2="37" type="PPrel">
        <subtype name="phosphorylation" value="+p"/>
    </relation>
    <relation entry1="38" entry2="42" type="PPrel">
        <subtype name="phosphorylation" value="+p"/>
    </relation>
    <relation entry1="42" entry2="36" type="PPrel">
        <subtype name="phosphorylation" value="+p"/>
    </relation>
    <relation entry1="42" entry2="35" type="PPrel">
        <subtype name="phosphorylation" value="+p"/>
    </relation>
    <relation entry1="35" entry2="30" type="PPrel">
        <subtype name="compound" value="6"/>
    </relation>
    <relation entry1="23" entry2="21" type="PPrel">
        <subtype name="activation" value="--&gt;"/>
    </relation>
    <relation entry1="23" entry2="20" type="PPrel">
        <subtype name="activation" value="--&gt;"/>
    </relation>
    <relation entry1="18" entry2="14" type="PPrel">
        <subtype name="inhibition" value="--|"/>
        <subtype name="phosphorylation" value="+p"/>
    </relation>
    <relation entry1="34" entry2="33" type="PPrel">
        <subtype name="activation" value="--&gt;"/>
    </relation>
    <relation entry1="9" entry2="10" type="PPrel">
        <subtype name="dissociation" value="-+-"/>
    </relation>
    <relation entry1="43" entry2="37" type="PPrel">
        <subtype name="inhibition" value="--|"/>
        <subtype name="dephosphorylation" value="-p"/>
    </relation>
    <relation entry1="43" entry2="42" type="PPrel">
        <subtype name="inhibition" value="--|"/>
        <subtype name="dephosphorylation" value="-p"/>
    </relation>
    <relation entry1="21" entry2="18" type="PPrel">
        <subtype name="compound" value="5"/>
    </relation>
    <relation entry1="35" entry2="19" type="PPrel">
        <subtype name="compound" value="6"/>
    </relation>
    <relation entry1="37" entry2="35" type="PPrel">
        <subtype name="phosphorylation" value="+p"/>
    </relation>
    <relation entry1="30" entry2="29" type="PPrel">
        <subtype name="activation" value="--&gt;"/>
    </relation>
    <relation entry1="18" entry2="140" type="PPrel">
        <subtype name="phosphorylation" value="+p"/>
    </relation>
    <relation entry1="32" entry2="31" type="PPrel">
        <subtype name="dephosphorylation" value="-p"/>
    </relation>
    <relation entry1="35" entry2="8" type="PCrel">
        <subtype name="activation" value="--&gt;"/>
    </relation>
    <relation entry1="7" entry2="32" type="PCrel">
        <subtype name="activation" value="--&gt;"/>
    </relation>
    <relation entry1="29" entry2="28" type="PPrel">
        <subtype name="indirect effect" value="..&gt;"/>
    </relation>
    <relation entry1="123" entry2="21" type="PPrel">
        <subtype name="binding/association" value="---"/>
    </relation>
    <relation entry1="36" entry2="119" type="PPrel">
        <subtype name="binding/association" value="---"/>
    </relation>
    <relation entry1="119" entry2="118" type="PPrel">
        <subtype name="binding/association" value="---"/>
    </relation>
    <relation entry1="118" entry2="30" type="PPrel">
        <subtype name="activation" value="--&gt;"/>
    </relation>
    <relation entry1="29" entry2="111" type="PPrel">
        <subtype name="activation" value="--&gt;"/>
    </relation>
    <relation entry1="111" entry2="109" type="PPrel">
        <subtype name="activation" value="--&gt;"/>
        <subtype name="phosphorylation" value="+p"/>
    </relation>
    <relation entry1="109" entry2="110" type="PPrel">
        <subtype name="activation" value="--&gt;"/>
        <subtype name="phosphorylation" value="+p"/>
    </relation>
    <relation entry1="110" entry2="28" type="PPrel">
        <subtype name="activation" value="--&gt;"/>
        <subtype name="phosphorylation" value="+p"/>
    </relation>
    <relation entry1="19" entry2="17" type="PPrel">
        <subtype name="activation" value="--&gt;"/>
        <subtype name="phosphorylation" value="+p"/>
    </relation>
    <relation entry1="141" entry2="12" type="PPrel">
        <subtype name="activation" value="--&gt;"/>
        <subtype name="ubiquitination" value="+u"/>
    </relation>
    <relation entry1="42" entry2="123" type="PPrel">
        <subtype name="activation" value="--&gt;"/>
        <subtype name="phosphorylation" value="+p"/>
    </relation>
    <relation entry1="38" entry2="127" type="PPrel">
        <subtype name="activation" value="--&gt;"/>
        <subtype name="phosphorylation" value="+p"/>
    </relation>
    <relation entry1="127" entry2="33" type="PPrel">
        <subtype name="activation" value="--&gt;"/>
    </relation>
    <relation entry1="38" entry2="23" type="PPrel">
        <subtype name="phosphorylation" value="+p"/>
    </relation>
    <relation entry1="11" entry2="9" type="PPrel">
        <subtype name="phosphorylation" value="+p"/>
    </relation>
    <relation entry1="26" entry2="5" type="PCrel">
        <subtype name="inhibition" value="--|"/>
        <subtype name="dephosphorylation" value="-p"/>
    </relation>
</pathway>
